horizon,ranker,cutoff,n_feat,model,MSE,RMSE,MAE,DirAcc
1,Lasso,0.001,13,Lasso,0.19847705481087818,0.44550763720825054,0.3146265857505982,0.6639344262295082
1,Lasso,0.001,13,Linear,0.22602592538690097,0.47542183940885696,0.3508032340450244,0.6721311475409836
1,Lasso,0.001,13,Ridge,0.23639651445026832,0.4862062468235762,0.3580757014106393,0.6721311475409836
1,Lasso,0.001,13,RandomForest,0.6311629115069303,0.7944576209634661,0.4801507246817751,0.6065573770491803
1,Lasso,0.001,13,GradientBoosting,0.7417001356404255,0.8612201435407938,0.5488362725801881,0.5901639344262295
1,Lasso,0.001,13,XGBoost,0.8308683645767528,0.9115198103040618,0.5863488923180067,0.5327868852459017
1,Lasso,0.001,13,LightGBM,0.9663345701269114,0.9830231788350219,0.6392205748099661,0.6147540983606558
1,Lasso,0.001,13,MLP,1.965782604943094,1.402063695037816,0.6648896636755713,0.5983606557377049
1,Lasso,0.001,13,Ensemble_Avg,0.39592621063768985,0.6292266766735894,0.4229805431728878,0.6311475409836066
1,Lasso,0.001,13,Ensemble_Weighted,0.33694622798041335,0.5804706951952125,0.3939683345422037,0.6557377049180327
1,Lasso,0.001,13,Avg(Lasso+Linear),0.20524887429736016,0.45304400922797794,0.3268318259137042,0.6721311475409836
1,Lasso,0.001,13,Avg(top3),0.21381014371848245,0.46239608964445456,0.3359176861018266,0.6639344262295082
1,Lasso,0.002,13,Lasso,0.19847705481087818,0.44550763720825054,0.3146265857505982,0.6639344262295082
1,Lasso,0.002,13,Linear,0.22602592538690097,0.47542183940885696,0.3508032340450244,0.6721311475409836
1,Lasso,0.002,13,Ridge,0.23639651445026832,0.4862062468235762,0.3580757014106393,0.6721311475409836
1,Lasso,0.002,13,RandomForest,0.6311629115069302,0.794457620963466,0.480150724681775,0.6065573770491803
1,Lasso,0.002,13,GradientBoosting,0.7417001356404255,0.8612201435407938,0.5488362725801881,0.5901639344262295
1,Lasso,0.002,13,XGBoost,0.8308683645767528,0.9115198103040618,0.5863488923180067,0.5327868852459017
1,Lasso,0.002,13,LightGBM,0.9663345701269114,0.9830231788350219,0.6392205748099661,0.6147540983606558
1,Lasso,0.002,13,MLP,1.965782604943094,1.402063695037816,0.6648896636755713,0.5983606557377049
1,Lasso,0.002,13,Ensemble_Avg,0.39592621063768985,0.6292266766735894,0.4229805431728878,0.6311475409836066
1,Lasso,0.002,13,Ensemble_Weighted,0.33694622798041324,0.5804706951952124,0.39396833454220365,0.6557377049180327
1,Lasso,0.002,13,Avg(Lasso+Linear),0.20524887429736016,0.45304400922797794,0.3268318259137042,0.6721311475409836
1,Lasso,0.002,13,Avg(top3),0.21381014371848245,0.46239608964445456,0.3359176861018266,0.6639344262295082
1,Lasso,0.005,12,Lasso,0.19834051768600008,0.445354373152437,0.31449373631404554,0.6639344262295082
1,Lasso,0.005,12,Linear,0.22620269693477177,0.4756077132835124,0.35189414770033706,0.680327868852459
1,Lasso,0.005,12,Ridge,0.23635942848943484,0.48616810723188625,0.3590975192285837,0.680327868852459
1,Lasso,0.005,12,RandomForest,0.6271944693982229,0.7919561032015745,0.4769941124362395,0.6065573770491803
1,Lasso,0.005,12,GradientBoosting,0.7022752272039073,0.8380186317761124,0.5387188273710751,0.5655737704918032
1,Lasso,0.005,12,XGBoost,0.8003379295627605,0.8946160794233248,0.5717427614949674,0.5491803278688525
1,Lasso,0.005,12,MLP,0.9622370990104302,0.9809368476158036,0.5260177999069447,0.639344262295082
1,Lasso,0.005,12,LightGBM,1.0017372806816218,1.000868263400145,0.658332433302259,0.5655737704918032
1,Lasso,0.005,12,Ensemble_Avg,0.3742932187476378,0.6117950790482364,0.4136728997752498,0.5737704918032787
1,Lasso,0.005,12,Ensemble_Weighted,0.32220033485104677,0.5676269328097873,0.38858596808565515,0.6475409836065574
1,Lasso,0.005,12,Avg(Lasso+Linear),0.20566049885966345,0.45349806930092157,0.3271976435265238,0.6721311475409836
1,Lasso,0.005,12,Avg(top3),0.2141647334423723,0.46277935719127783,0.33605617302717095,0.6721311475409836
1,Lasso,0.01,11,Lasso,0.19826623858471681,0.4452709720885888,0.3143567262584074,0.6639344262295082
1,Lasso,0.01,11,Linear,0.2198112515459664,0.4688403262796049,0.34736772316034686,0.6721311475409836
1,Lasso,0.01,11,Ridge,0.23015257525545885,0.47974219665926704,0.3541884472933523,0.6721311475409836
1,Lasso,0.01,11,RandomForest,0.6295679007478677,0.7934531496867775,0.479593675185692,0.6147540983606558
1,Lasso,0.01,11,GradientBoosting,0.6929846817966403,0.8324570149843415,0.5403571895771017,0.5819672131147541
1,Lasso,0.01,11,XGBoost,0.8164172926484154,0.9035581290920996,0.5798903095113239,0.5573770491803278
1,Lasso,0.01,11,MLP,0.9813070575011325,0.9906094374177608,0.5069903202253881,0.6147540983606558
1,Lasso,0.01,11,LightGBM,1.0056456555931388,1.0028188548253063,0.6476569354240825,0.6229508196721312
1,Lasso,0.01,11,Ensemble_Avg,0.36846059654101343,0.6070095522650475,0.4075014963143829,0.6311475409836066
1,Lasso,0.01,11,Ensemble_Weighted,0.3169073124929189,0.5629452126920691,0.3833775449114345,0.6475409836065574
1,Lasso,0.01,11,Avg(Lasso+Linear),0.20262176318893257,0.4501352721004349,0.3254461168844369,0.6639344262295082
1,Lasso,0.01,11,Avg(top3),0.21011169451552397,0.45837942200269416,0.33312586272605454,0.6639344262295082
1,Lasso,0.02,10,Lasso,0.19630073742611748,0.44305839053799384,0.31227679549432974,0.6475409836065574
1,Lasso,0.02,10,Linear,0.22002223189855286,0.46906527466713294,0.3485186500979372,0.6557377049180327
1,Lasso,0.02,10,Ridge,0.22968566463223467,0.47925532300876394,0.35508574449754965,0.6557377049180327
1,Lasso,0.02,10,RandomForest,0.6510505695917681,0.8068770473819218,0.4860966379121734,0.6065573770491803
1,Lasso,0.02,10,XGBoost,0.8165881526426019,0.9036526725698331,0.5818777315640734,0.5655737704918032
1,Lasso,0.02,10,GradientBoosting,0.8289236060385308,0.9104524183275756,0.5685181720437211,0.6065573770491803
1,Lasso,0.02,10,LightGBM,1.1496478776067034,1.0722163389944697,0.6774514328117347,0.5901639344262295
1,Lasso,0.02,10,MLP,3.2335306959395984,1.7982020731663053,0.9866755612422156,0.6065573770491803
1,Lasso,0.02,10,Ensemble_Avg,0.5804701652405714,0.7618859266586904,0.4791837582975945,0.6065573770491803
1,Lasso,0.02,10,Ensemble_Weighted,0.3969087958231577,0.6300069807733544,0.4150729536142919,0.6475409836065574
1,Lasso,0.02,10,Avg(Lasso+Linear),0.20081536890288373,0.44812427841267843,0.32455819180793294,0.6557377049180327
1,Lasso,0.02,10,Avg(top3),0.20865286979256553,0.45678536512520357,0.33339682988233743,0.6557377049180327
1,XGBoost,0.001,77,Lasso,0.18072549564220874,0.4251182137267336,0.2968756857518594,0.6311475409836066
1,XGBoost,0.001,77,Ridge,0.37889014225570694,0.6155405285240826,0.45505441914134875,0.6475409836065574
1,XGBoost,0.001,77,MLP,0.5123522195193535,0.7157878313574166,0.4691960689043356,0.6229508196721312
1,XGBoost,0.001,77,Linear,0.83006688099774,0.911080062891149,0.6158012226741462,0.680327868852459
1,XGBoost,0.001,77,LightGBM,0.8432784446412112,0.9183019354445525,0.57551147843483,0.6557377049180327
1,XGBoost,0.001,77,RandomForest,0.8823859611337592,0.9393540126777333,0.5592494653283219,0.6065573770491803
1,XGBoost,0.001,77,XGBoost,1.0159496015195504,1.007943253124674,0.6033653819949435,0.6311475409836066
1,XGBoost,0.001,77,GradientBoosting,1.1461638943634507,1.0705904419354073,0.6314082382540962,0.6065573770491803
1,XGBoost,0.001,77,Ensemble_Avg,0.4652355830321276,0.6820818008363275,0.43054784389896045,0.6557377049180327
1,XGBoost,0.001,77,Ensemble_Weighted,0.3754191159021029,0.6127145468340889,0.39786325377001996,0.6639344262295082
1,XGBoost,0.001,77,Avg(Lasso+Ridge),0.23822465540377635,0.48808263173747163,0.35823403706714724,0.6639344262295082
1,XGBoost,0.001,77,Avg(top3),0.19168202650146468,0.4378150597015419,0.32569145782211395,0.639344262295082
1,XGBoost,0.002,59,Lasso,0.1798086722466515,0.4240385268423749,0.29496016815357223,0.6311475409836066
1,XGBoost,0.002,59,Ridge,0.32300606496907214,0.568336225283126,0.4126146781696559,0.6967213114754098
1,XGBoost,0.002,59,Linear,0.600578877488482,0.7749702429696782,0.5171765051563627,0.7049180327868853
1,XGBoost,0.002,59,MLP,0.6347996549808024,0.7967431549632557,0.6148372122779793,0.4918032786885246
1,XGBoost,0.002,59,LightGBM,0.8273544471680904,0.9095902633428363,0.5758989105436991,0.6147540983606558
1,XGBoost,0.002,59,RandomForest,0.9006049303858772,0.9490020708016802,0.5660822228787895,0.5491803278688525
1,XGBoost,0.002,59,XGBoost,1.0078344534294046,1.0039095842900418,0.5978688219464475,0.5819672131147541
1,XGBoost,0.002,59,GradientBoosting,1.0232275084419735,1.0115470866163243,0.6020254648640183,0.6147540983606558
1,XGBoost,0.002,59,Ensemble_Avg,0.41395751077795895,0.6433952990020668,0.40788762997523603,0.6557377049180327
1,XGBoost,0.002,59,Ensemble_Weighted,0.34319429865882767,0.5858278746004049,0.37908583085445313,0.680327868852459
1,XGBoost,0.002,59,Avg(Lasso+Ridge),0.21472073765864397,0.4633796905979415,0.3318502770383748,0.7049180327868853
1,XGBoost,0.002,59,Avg(top3),0.30329127220554253,0.550718868575921,0.3863367671217302,0.7049180327868853
1,XGBoost,0.005,31,Lasso,0.17712354793227109,0.42086048511623314,0.29336707191963995,0.6639344262295082
1,XGBoost,0.005,31,Ridge,0.20919533258772807,0.45737876272049194,0.33482088181964376,0.680327868852459
1,XGBoost,0.005,31,Linear,0.3724688881519623,0.6103022924354473,0.41279145424417,0.6639344262295082
1,XGBoost,0.005,31,RandomForest,0.8418379059891256,0.9175172510580526,0.5506900081545003,0.5983606557377049
1,XGBoost,0.005,31,LightGBM,0.9309776548538347,0.9648718333819444,0.6166781091450937,0.5901639344262295
1,XGBoost,0.005,31,XGBoost,1.0192885908566953,1.009598232395786,0.6137471894092282,0.5983606557377049
1,XGBoost,0.005,31,GradientBoosting,1.0569429181389318,1.0280772919089944,0.6202357918107025,0.5901639344262295
1,XGBoost,0.005,31,MLP,1.8895862639709038,1.3746222259118699,0.87418523012465,0.5573770491803278
1,XGBoost,0.005,31,Ensemble_Avg,0.2966502259221535,0.5446560620448041,0.3642772915922354,0.6229508196721312
1,XGBoost,0.005,31,Ensemble_Weighted,0.27067187901166173,0.5202613564466053,0.35381959118840367,0.6475409836065574
1,XGBoost,0.005,31,Avg(Lasso+Ridge),0.16335102119010567,0.4041670708879011,0.2935789864484306,0.6721311475409836
1,XGBoost,0.005,31,Avg(top3),0.2053893151400266,0.4531989796325965,0.32534713639897983,0.6721311475409836
1,XGBoost,0.01,14,Linear,0.15237824282106735,0.39035655857314266,0.27607334439171344,0.6967213114754098
1,XGBoost,0.01,14,Ridge,0.17184272510273477,0.41453917197622564,0.29590382665661813,0.7049180327868853
1,XGBoost,0.01,14,Lasso,0.24398607635227318,0.49394946740762175,0.33693924195373004,0.6147540983606558
1,XGBoost,0.01,14,RandomForest,0.9183342200210158,0.9582975634013768,0.5696863750548139,0.6229508196721312
1,XGBoost,0.01,14,XGBoost,0.9287598078981545,0.9637218519355855,0.5951714080709564,0.5983606557377049
1,XGBoost,0.01,14,GradientBoosting,1.0686157539565344,1.0337387261569213,0.6071655608046689,0.5983606557377049
1,XGBoost,0.01,14,LightGBM,1.1830622970772853,1.087686672289996,0.6594197873702449,0.5983606557377049
1,XGBoost,0.01,14,MLP,1.2139349786038196,1.1017871748227148,0.7171277996831411,0.5819672131147541
1,XGBoost,0.01,14,Ensemble_Avg,0.4691288503105297,0.6849298141492526,0.4171187418409493,0.6311475409836066
1,XGBoost,0.01,14,Ensemble_Weighted,0.3263786471341052,0.5712955864822563,0.36767998356612885,0.639344262295082
1,XGBoost,0.01,14,Avg(Linear+Ridge),0.16079017744078647,0.40098650531007457,0.28544264361152877,0.6967213114754098
1,XGBoost,0.01,14,Avg(top3),0.16995050474140935,0.41225053637492015,0.2900383282939342,0.6721311475409836
1,XGBoost,0.02,10,Linear,0.10678421926100135,0.3267785477368448,0.24147615388142898,0.6885245901639344
1,XGBoost,0.02,10,Ridge,0.11369391483201896,0.33718528264445197,0.24229114777823715,0.680327868852459
1,XGBoost,0.02,10,Lasso,0.2349798366671335,0.4847471884055992,0.3346173777171128,0.6475409836065574
1,XGBoost,0.02,10,RandomForest,0.8582882141452767,0.9264384567499757,0.5440730209008571,0.6065573770491803
1,XGBoost,0.02,10,GradientBoosting,0.8663160314900795,0.9307609959007089,0.5371104976667043,0.5901639344262295
1,XGBoost,0.02,10,XGBoost,0.956895382626414,0.9782102957066103,0.5841782579774533,0.5819672131147541
1,XGBoost,0.02,10,LightGBM,1.068186913536981,1.0335312832889874,0.6355429804780713,0.6147540983606558
1,XGBoost,0.02,10,MLP,2.0057383141433514,1.4162409096419124,0.7180602756581819,0.5737704918032787
1,XGBoost,0.02,10,Ensemble_Avg,0.520246331861889,0.7212810352850607,0.4319136340293372,0.6311475409836066
1,XGBoost,0.02,10,Ensemble_Weighted,0.284021639611118,0.5329368063955782,0.34338109202822426,0.6229508196721312
1,XGBoost,0.02,10,Avg(Linear+Ridge),0.10911199005304316,0.33032104088756314,0.24103125350223575,0.6721311475409836
1,XGBoost,0.02,10,Avg(top3),0.12701923992069888,0.3563975868614978,0.25467103593359564,0.6475409836065574
1,RandomForest,0.001,47,Lasso,0.19111716623081015,0.43716949371017433,0.30190279090488287,0.6557377049180327
1,RandomForest,0.001,47,Ridge,0.3916620585214677,0.625829096895844,0.43304258495391734,0.6967213114754098
1,RandomForest,0.001,47,Linear,0.4686354595805875,0.6845695432756175,0.4770114453599503,0.6475409836065574
1,RandomForest,0.001,47,LightGBM,0.8877901592058441,0.9422261720021601,0.5917292894412004,0.6311475409836066
1,RandomForest,0.001,47,RandomForest,0.9565681351649545,0.9780430129421479,0.5741685845891358,0.6311475409836066
1,RandomForest,0.001,47,XGBoost,1.070847875421446,1.034817798175817,0.6072987505947552,0.6229508196721312
1,RandomForest,0.001,47,GradientBoosting,1.0949814878296549,1.0464136313282884,0.5980720092484569,0.5737704918032787
1,RandomForest,0.001,47,MLP,1.8506243660248458,1.3603765530267147,0.796252811251448,0.5655737704918032
1,RandomForest,0.001,47,Ensemble_Avg,0.5064972775211188,0.7116862212528207,0.44702169442075557,0.6639344262295082
1,RandomForest,0.001,47,Ensemble_Weighted,0.4215835369574396,0.6492946457175198,0.42110339095637644,0.6639344262295082
1,RandomForest,0.001,47,Avg(Lasso+Ridge),0.23686947037933473,0.4866923775644475,0.3483084539343838,0.6721311475409836
1,RandomForest,0.001,47,Avg(top3),0.2932592854856938,0.5415341960446208,0.3855479433484768,0.6721311475409836
1,RandomForest,0.002,19,Linear,0.14925203003620297,0.38633150277475814,0.28208131699632755,0.6967213114754098
1,RandomForest,0.002,19,Ridge,0.16340647670389816,0.40423566975700964,0.2914754893935418,0.6557377049180327
1,RandomForest,0.002,19,Lasso,0.21814309520081931,0.46705791418283377,0.32467846724173416,0.6229508196721312
1,RandomForest,0.002,19,GradientBoosting,0.8198000734929105,0.9054281161378359,0.5365347295264643,0.639344262295082
1,RandomForest,0.002,19,XGBoost,0.8859507725397212,0.9412495803662922,0.5876799466032997,0.6147540983606558
1,RandomForest,0.002,19,RandomForest,0.9529006509815027,0.9761663029328059,0.5764616490224113,0.5983606557377049
1,RandomForest,0.002,19,MLP,1.0391762803442344,1.019399960930073,0.6295657217362806,0.5327868852459017
1,RandomForest,0.002,19,LightGBM,1.080032344656008,1.0392460462546913,0.639927688571071,0.5983606557377049
1,RandomForest,0.002,19,Ensemble_Avg,0.3515167015282812,0.5928884393613028,0.3856872669586627,0.6147540983606558
1,RandomForest,0.002,19,Ensemble_Weighted,0.26556384448412285,0.5153288702218447,0.34510508607763135,0.6311475409836066
1,RandomForest,0.002,19,Avg(Linear+Ridge),0.15426673949710684,0.3927680479584698,0.2845067476453612,0.680327868852459
1,RandomForest,0.002,19,Avg(top3),0.16119791231160888,0.4014945981101226,0.2889872136354226,0.6639344262295082
1,RandomForest,0.005,6,Linear,0.12978263432317622,0.3602535694801319,0.25183275939946037,0.680327868852459
1,RandomForest,0.005,6,Ridge,0.1402423997152845,0.37448951883234927,0.2609061285395729,0.6639344262295082
1,RandomForest,0.005,6,Lasso,0.23925400815715925,0.4891359812538424,0.3350620542508842,0.6639344262295082
1,RandomForest,0.005,6,MLP,0.6614288662766212,0.813282771412638,0.46934308930840496,0.6885245901639344
1,RandomForest,0.005,6,XGBoost,0.6854999448745698,0.827949240518143,0.4915081169102852,0.6147540983606558
1,RandomForest,0.005,6,RandomForest,0.8542851687698436,0.924275483159563,0.5282476102397499,0.6229508196721312
1,RandomForest,0.005,6,GradientBoosting,0.8979597878676829,0.947607401758599,0.5283692972187357,0.6311475409836066
1,RandomForest,0.005,6,LightGBM,1.1683225957125005,1.0808897241219848,0.6268529931319702,0.6065573770491803
1,RandomForest,0.005,6,Ensemble_Avg,0.42378502671385876,0.6509877316154727,0.3920677759647542,0.6311475409836066
1,RandomForest,0.005,6,Ensemble_Weighted,0.2942095953948482,0.5424109100993897,0.34117014488287695,0.639344262295082
1,RandomForest,0.005,6,Avg(Linear+Ridge),0.1342556504739293,0.36640912989980107,0.25591493527920345,0.6721311475409836
1,RandomForest,0.005,6,Avg(top3),0.15636878653519828,0.39543493337741203,0.27300609303756457,0.6557377049180327
1,RandomForest,0.01,6,Linear,0.12978263432317622,0.3602535694801319,0.25183275939946037,0.680327868852459
1,RandomForest,0.01,6,Ridge,0.1402423997152845,0.37448951883234927,0.2609061285395729,0.6639344262295082
1,RandomForest,0.01,6,Lasso,0.23925400815715925,0.4891359812538424,0.3350620542508842,0.6639344262295082
1,RandomForest,0.01,6,MLP,0.6614288662766212,0.813282771412638,0.46934308930840496,0.6885245901639344
1,RandomForest,0.01,6,XGBoost,0.6854999448745698,0.827949240518143,0.4915081169102852,0.6147540983606558
1,RandomForest,0.01,6,RandomForest,0.8542851687698438,0.9242754831595631,0.52824761023975,0.6229508196721312
1,RandomForest,0.01,6,GradientBoosting,0.8979597878676829,0.947607401758599,0.5283692972187357,0.6311475409836066
1,RandomForest,0.01,6,LightGBM,1.1683225957125005,1.0808897241219848,0.6268529931319702,0.6065573770491803
1,RandomForest,0.01,6,Ensemble_Avg,0.4237850267138589,0.6509877316154729,0.3920677759647542,0.6311475409836066
1,RandomForest,0.01,6,Ensemble_Weighted,0.2942095953948482,0.5424109100993897,0.341170144882877,0.639344262295082
1,RandomForest,0.01,6,Avg(Linear+Ridge),0.1342556504739293,0.36640912989980107,0.25591493527920345,0.6721311475409836
1,RandomForest,0.01,6,Avg(top3),0.15636878653519828,0.39543493337741203,0.27300609303756457,0.6557377049180327
1,RandomForest,0.02,4,Linear,0.13342091694156008,0.3652682807766917,0.26175571391882474,0.639344262295082
1,RandomForest,0.02,4,Ridge,0.1378951029486014,0.3713422988949702,0.26697110890926706,0.6475409836065574
1,RandomForest,0.02,4,Lasso,0.22395593713324108,0.4732398304593994,0.32901580629123744,0.6229508196721312
1,RandomForest,0.02,4,MLP,0.27257167779081654,0.5220839758035258,0.3325957320037796,0.6229508196721312
1,RandomForest,0.02,4,XGBoost,0.41168968955947344,0.6416304930093905,0.4099816996659712,0.6229508196721312
1,RandomForest,0.02,4,GradientBoosting,0.5071959385820497,0.7121769011854076,0.43611002808137406,0.6311475409836066
1,RandomForest,0.02,4,RandomForest,0.530508054213984,0.7283598384136676,0.45224911374385196,0.6229508196721312
1,RandomForest,0.02,4,LightGBM,1.411355572689717,1.1880048706506707,0.6806655815633865,0.6147540983606558
1,RandomForest,0.02,4,Ensemble_Avg,0.300997767731472,0.5486326345848122,0.35391187851757033,0.6475409836065574
1,RandomForest,0.02,4,Ensemble_Weighted,0.22238553381215131,0.47157770707715957,0.3155530700395426,0.639344262295082
1,RandomForest,0.02,4,Avg(Linear+Ridge),0.13497262915424338,0.3673862125260601,0.26369921232902876,0.6475409836065574
1,RandomForest,0.02,4,Avg(top3),0.14839942939754794,0.38522646507937114,0.27738971469287926,0.639344262295082
2,Lasso,0.001,14,Lasso,0.7772665351607971,0.8816272087230504,0.6148478587638497,0.5289256198347108
2,Lasso,0.001,14,Ridge,0.9292282702944881,0.9639648698445852,0.6800075051943775,0.5454545454545454
2,Lasso,0.001,14,Linear,0.9354919949443461,0.9672083513619731,0.6812597301022725,0.5454545454545454
2,Lasso,0.001,14,LightGBM,1.3609016917896715,1.166576912076384,0.8100977715075213,0.5702479338842975
2,Lasso,0.001,14,GradientBoosting,1.391451353683282,1.1795979627327617,0.7661205490224842,0.5619834710743802
2,Lasso,0.001,14,MLP,1.4227610931253185,1.1927954950976796,0.8164277742821584,0.5702479338842975
2,Lasso,0.001,14,XGBoost,1.7603977170584981,1.3267998029312855,0.8947209068787272,0.5371900826446281
2,Lasso,0.001,14,RandomForest,1.7973138769246173,1.3406393537878176,0.8647110865441784,0.5206611570247934
2,Lasso,0.001,14,Ensemble_Avg,1.0009356571117975,1.0004677191752853,0.6780768331168575,0.5702479338842975
2,Lasso,0.001,14,Ensemble_Weighted,0.9661600218399488,0.9829343934566278,0.6703703774079579,0.5785123966942148
2,Lasso,0.001,14,Avg(Lasso+Ridge),0.8391575866595854,0.916055449555094,0.6463433022717069,0.5537190082644629
2,Lasso,0.001,14,Avg(top3),0.8676774550305106,0.9314920584903076,0.6573813629054558,0.5371900826446281
2,Lasso,0.002,14,Lasso,0.7772665351607971,0.8816272087230504,0.6148478587638497,0.5289256198347108
2,Lasso,0.002,14,Ridge,0.9292282702944881,0.9639648698445852,0.6800075051943775,0.5454545454545454
2,Lasso,0.002,14,Linear,0.9354919949443461,0.9672083513619731,0.6812597301022725,0.5454545454545454
2,Lasso,0.002,14,LightGBM,1.3609016917896715,1.166576912076384,0.8100977715075213,0.5702479338842975
2,Lasso,0.002,14,GradientBoosting,1.391451353683282,1.1795979627327617,0.7661205490224842,0.5619834710743802
2,Lasso,0.002,14,MLP,1.4227610931253185,1.1927954950976796,0.8164277742821584,0.5702479338842975
2,Lasso,0.002,14,XGBoost,1.7603977170584981,1.3267998029312855,0.8947209068787272,0.5371900826446281
2,Lasso,0.002,14,RandomForest,1.7973138769246173,1.3406393537878176,0.8647110865441783,0.5206611570247934
2,Lasso,0.002,14,Ensemble_Avg,1.000935657111797,1.000467719175285,0.6780768331168575,0.5702479338842975
2,Lasso,0.002,14,Ensemble_Weighted,0.9661600218399488,0.9829343934566278,0.6703703774079579,0.5785123966942148
2,Lasso,0.002,14,Avg(Lasso+Ridge),0.8391575866595854,0.916055449555094,0.6463433022717069,0.5537190082644629
2,Lasso,0.002,14,Avg(top3),0.8676774550305106,0.9314920584903076,0.6573813629054558,0.5371900826446281
2,Lasso,0.005,13,Lasso,0.7755725454625321,0.880665967017309,0.6059165631873779,0.512396694214876
2,Lasso,0.005,13,MLP,0.8251405996993815,0.9083725005191325,0.666864528691752,0.47107438016528924
2,Lasso,0.005,13,Ridge,0.9400953509900073,0.9695851437547954,0.6722632696189033,0.5454545454545454
2,Lasso,0.005,13,Linear,0.9462243170474279,0.9727406216702518,0.6732415926780169,0.5371900826446281
2,Lasso,0.005,13,GradientBoosting,1.3553709482970044,1.1642039977156085,0.7591615912717967,0.5371900826446281
2,Lasso,0.005,13,LightGBM,1.622529155678812,1.2737853648393092,0.8597378081616711,0.5537190082644629
2,Lasso,0.005,13,RandomForest,1.7429916731101769,1.320224099579377,0.8545676646971967,0.5206611570247934
2,Lasso,0.005,13,XGBoost,1.76766815795602,1.329536820834993,0.8830264094616912,0.512396694214876
2,Lasso,0.005,13,Ensemble_Avg,0.8902939015482219,0.9435538678571679,0.6377754697929103,0.5702479338842975
2,Lasso,0.005,13,Ensemble_Weighted,0.8159169899457238,0.9032812352449949,0.6191991536991037,0.5702479338842975
2,Lasso,0.005,13,Avg(Lasso+MLP),0.4844849627621458,0.69604954045107,0.4708506692702559,0.5289256198347108
2,Lasso,0.005,13,Avg(top3),0.5599000691174274,0.7482647052463636,0.5189694125069683,0.5454545454545454
2,Lasso,0.01,12,Lasso,0.7750225418746705,0.8803536459143396,0.6056567126348016,0.512396694214876
2,Lasso,0.01,12,MLP,0.8723577677296799,0.934000946321619,0.6477632784691666,0.4462809917355372
2,Lasso,0.01,12,Ridge,0.9316001742373201,0.9651943712213205,0.6712206515706169,0.5371900826446281
2,Lasso,0.01,12,Linear,0.9382157370618437,0.968615371064203,0.6721803396451991,0.5371900826446281
2,Lasso,0.01,12,GradientBoosting,1.3784145013623343,1.1740589854697823,0.7966157690557909,0.5289256198347108
2,Lasso,0.01,12,LightGBM,1.6823031123780419,1.297036280285961,0.8746281233002746,0.5371900826446281
2,Lasso,0.01,12,XGBoost,1.758514299492731,1.326089853476276,0.898783669650846,0.5206611570247934
2,Lasso,0.01,12,RandomForest,1.8099573562918705,1.345346556204709,0.8745529432568437,0.5206611570247934
2,Lasso,0.01,12,Ensemble_Avg,0.9426796111546221,0.9709168919915968,0.6655276901794124,0.5702479338842975
2,Lasso,0.01,12,Ensemble_Weighted,0.8748608902155155,0.9353399864303437,0.6496462420334133,0.5785123966942148
2,Lasso,0.01,12,Avg(Lasso+MLP),0.5952537872914252,0.7715269193563017,0.5464551901416559,0.5454545454545454
2,Lasso,0.01,12,Avg(top3),0.6627300688069466,0.814082347681699,0.579377152263885,0.5702479338842975
2,Lasso,0.02,10,Lasso,0.7362446203942559,0.8580469802955173,0.5999248390632558,0.512396694214876
2,Lasso,0.02,10,Ridge,0.8580522334731314,0.9263110889291628,0.6521298582269967,0.5537190082644629
2,Lasso,0.02,10,Linear,0.8614008556855778,0.9281168329933348,0.6525601322578921,0.5454545454545454
2,Lasso,0.02,10,MLP,1.1503812925356653,1.072558293304222,0.7454142283920435,0.4462809917355372
2,Lasso,0.02,10,GradientBoosting,1.7297473479604923,1.3151985963954236,0.8724945770901227,0.512396694214876
2,Lasso,0.02,10,LightGBM,1.7573192311615975,1.325639178344393,0.9269660517487252,0.5371900826446281
2,Lasso,0.02,10,XGBoost,1.8904142049307002,1.3749233451108103,0.9173070266582154,0.5289256198347108
2,Lasso,0.02,10,RandomForest,1.9214982026243879,1.3861811579387406,0.8947856665898277,0.5206611570247934
2,Lasso,0.02,10,Ensemble_Avg,1.0531549831369906,1.0262333960347376,0.7045631076472316,0.5454545454545454
2,Lasso,0.02,10,Ensemble_Weighted,0.9775477645185039,0.9887101519244677,0.6860077796875071,0.5537190082644629
2,Lasso,0.02,10,Avg(Lasso+Ridge),0.7844438902012694,0.8856883708174503,0.6254700809283711,0.5371900826446281
2,Lasso,0.02,10,Avg(top3),0.8068787650765902,0.8982643069145018,0.6342717633397927,0.5454545454545454
2,XGBoost,0.001,68,Lasso,0.6363348547420908,0.7977059951774782,0.5645701529214392,0.5206611570247934
2,XGBoost,0.001,68,GradientBoosting,1.2734148369531726,1.12845683876397,0.7124871063106173,0.5950413223140496
2,XGBoost,0.001,68,RandomForest,1.3378804996387539,1.156667843263032,0.7427417181261352,0.5454545454545454
2,XGBoost,0.001,68,LightGBM,1.3928365056807217,1.1801849455406224,0.7914537925041712,0.5537190082644629
2,XGBoost,0.001,68,XGBoost,1.5060075413355412,1.227194989125828,0.8182794332934967,0.512396694214876
2,XGBoost,0.001,68,Ridge,1.673842068859241,1.2937704853872811,0.8763916852757914,0.5867768595041323
2,XGBoost,0.001,68,MLP,1.711111597405756,1.3080946439022507,0.937420330225886,0.4793388429752066
2,XGBoost,0.001,68,Linear,3.081920001935678,1.7555398035748657,1.0945077577267452,0.5537190082644629
2,XGBoost,0.001,68,Ensemble_Avg,0.8991650445934383,0.9482431358008547,0.6119590125448084,0.5289256198347108
2,XGBoost,0.001,68,Ensemble_Weighted,0.8462616056115811,0.919924782583653,0.5995917235239596,0.5537190082644629
2,XGBoost,0.001,68,Avg(Lasso+GradientBoosting),0.8283157016936028,0.9101185096972827,0.5931086469170356,0.5619834710743802
2,XGBoost,0.001,68,Avg(top3),0.9663154337300538,0.9830134453455119,0.6327695355975339,0.5702479338842975
2,XGBoost,0.002,53,Lasso,0.8130740676345364,0.9017061980681603,0.6166179379966373,0.5206611570247934
2,XGBoost,0.002,53,MLP,0.8367083931228599,0.914717657598704,0.6793803028880698,0.512396694214876
2,XGBoost,0.002,53,LightGBM,1.3750389649718353,1.1726205545579675,0.7692695141963202,0.5454545454545454
2,XGBoost,0.002,53,GradientBoosting,1.3771586989221059,1.1735240512755185,0.7701669606898895,0.5454545454545454
2,XGBoost,0.002,53,XGBoost,1.3917853711991246,1.1797395353208795,0.793316658283835,0.5206611570247934
2,XGBoost,0.002,53,Ridge,1.4064634422731295,1.1859441143127822,0.8516731750861932,0.5619834710743802
2,XGBoost,0.002,53,RandomForest,1.4124405194329384,1.1884614084743932,0.7863363167305784,0.5206611570247934
2,XGBoost,0.002,53,Linear,1.74971409194981,1.3227675880326861,0.9664250292993299,0.5785123966942148
2,XGBoost,0.002,53,Ensemble_Avg,0.843623644228749,0.9184898715983476,0.6119081393767939,0.5537190082644629
2,XGBoost,0.002,53,Ensemble_Weighted,0.7768880102993325,0.8814125085902358,0.5912969414762215,0.5537190082644629
2,XGBoost,0.002,53,Avg(Lasso+MLP),0.3995382652865928,0.6320903932876949,0.46645089228190756,0.5537190082644629
2,XGBoost,0.002,53,Avg(top3),0.505397595866814,0.7109132126123512,0.501372482692096,0.5702479338842975
2,XGBoost,0.005,28,Lasso,0.9199148138883866,0.9591218973041886,0.6351436896317403,0.5206611570247934
2,XGBoost,0.005,28,MLP,1.1281006174366075,1.0621208111305454,0.7104109027809492,0.5206611570247934
2,XGBoost,0.005,28,GradientBoosting,1.145577516486363,1.0703165496648004,0.6996401051981652,0.512396694214876
2,XGBoost,0.005,28,XGBoost,1.4116555062109486,1.1881310980741766,0.7850306461749289,0.5619834710743802
2,XGBoost,0.005,28,RandomForest,1.4430745571509458,1.2012803824049345,0.7928262900052048,0.512396694214876
2,XGBoost,0.005,28,LightGBM,1.4445189799269442,1.2018814333897267,0.7985363073647739,0.5702479338842975
2,XGBoost,0.005,28,Ridge,1.5040182437972915,1.2263842154061229,0.8470381451645156,0.5785123966942148
2,XGBoost,0.005,28,Linear,1.754622741983279,1.3246217354336591,0.8996317255674461,0.5537190082644629
2,XGBoost,0.005,28,Ensemble_Avg,0.806942647906422,0.898299865249028,0.5931521835293463,0.5454545454545454
2,XGBoost,0.005,28,Ensemble_Weighted,0.7746293993153696,0.880130330868883,0.5823061789845771,0.5371900826446281
2,XGBoost,0.005,28,Avg(Lasso+MLP),0.39920542324198266,0.6318270516858095,0.45803248938728325,0.512396694214876
2,XGBoost,0.005,28,Avg(top3),0.4078904086316853,0.6386629851742508,0.43087420463000575,0.5537190082644629
2,XGBoost,0.01,18,Lasso,0.7912186848645961,0.8895047413390196,0.6028221262676658,0.512396694214876
2,XGBoost,0.01,18,MLP,0.8758045897927347,0.9358443192073854,0.7302450583541342,0.4628099173553719
2,XGBoost,0.01,18,Ridge,1.000403608462938,1.0002017838731032,0.6738587789303997,0.512396694214876
2,XGBoost,0.01,18,Linear,1.0518407973652544,1.0255929004070057,0.6889125440542645,0.5371900826446281
2,XGBoost,0.01,18,GradientBoosting,1.2117770474259895,1.1008074524756768,0.7118160369510549,0.5206611570247934
2,XGBoost,0.01,18,XGBoost,1.3493955398011201,1.1616348564850834,0.778073342878871,0.512396694214876
2,XGBoost,0.01,18,RandomForest,1.4619219258076595,1.2090996343592448,0.787903016104529,0.48760330578512395
2,XGBoost,0.01,18,LightGBM,1.538801378336646,1.2404843321608887,0.8257736651773755,0.5537190082644629
2,XGBoost,0.01,18,Ensemble_Avg,0.8380049511680056,0.9154261036085903,0.6165880238235274,0.512396694214876
2,XGBoost,0.01,18,Ensemble_Weighted,0.7973006180973783,0.8929169155623485,0.6070548640264462,0.512396694214876
2,XGBoost,0.01,18,Avg(Lasso+MLP),0.5070422036025025,0.7120689598644941,0.5235487033369506,0.5206611570247934
2,XGBoost,0.01,18,Avg(top3),0.5750934082035216,0.7583491334494433,0.5480692625552827,0.5289256198347108
2,XGBoost,0.02,8,MLP,0.7222357114774646,0.8498445219435521,0.631410779286644,0.4793388429752066
2,XGBoost,0.02,8,Linear,0.7643397734418318,0.8742652763559993,0.6265418995297828,0.4793388429752066
2,XGBoost,0.02,8,Ridge,0.7685742880195757,0.8766836875518876,0.627302614690488,0.48760330578512395
2,XGBoost,0.02,8,Lasso,0.8894728361492843,0.9431186755383886,0.6494376660752383,0.49586776859504134
2,XGBoost,0.02,8,GradientBoosting,1.3070112914544205,1.143245945304168,0.7672906199583667,0.48760330578512395
2,XGBoost,0.02,8,RandomForest,1.3590504984513714,1.1657832124590624,0.7687184456838804,0.49586776859504134
2,XGBoost,0.02,8,XGBoost,1.5011633268023867,1.2252197055232121,0.8378259211240797,0.49586776859504134
2,XGBoost,0.02,8,LightGBM,1.9515228126302886,1.3969691523545853,0.8863054750061197,0.512396694214876
2,XGBoost,0.02,8,Ensemble_Avg,0.8341739969308491,0.9133312635242753,0.6304400029431351,0.4462809917355372
2,XGBoost,0.02,8,Ensemble_Weighted,0.7625586141121438,0.8732460215266622,0.6117768983904834,0.45454545454545453
2,XGBoost,0.02,8,Avg(MLP+Linear),0.5512560490839193,0.7424661938997084,0.5230554274818824,0.47107438016528924
2,XGBoost,0.02,8,Avg(top3),0.5802768981345012,0.7617590814256836,0.5366556059178773,0.4380165289256198
2,RandomForest,0.001,91,Lasso,0.6225780190750784,0.7890361329337703,0.5559478672073777,0.5206611570247934
2,RandomForest,0.001,91,GradientBoosting,1.2498525915585805,1.117968063747163,0.694166386102113,0.5454545454545454
2,RandomForest,0.001,91,MLP,1.3373587463031849,1.1564422797110043,0.8214060770110987,0.4380165289256198
2,RandomForest,0.001,91,RandomForest,1.4023241597098366,1.18419768607688,0.7544746269568935,0.5289256198347108
2,RandomForest,0.001,91,LightGBM,1.4140839609942513,1.1891526230868144,0.8029970845877175,0.5619834710743802
2,RandomForest,0.001,91,Ridge,1.5645348200893612,1.2508136632166125,0.9152276055131833,0.5702479338842975
2,RandomForest,0.001,91,XGBoost,1.5648826594235916,1.2509527007139765,0.8254860149913757,0.5206611570247934
2,RandomForest,0.001,91,Linear,4.094353914069448,2.0234509912694816,1.3611336963294856,0.5785123966942148
2,RandomForest,0.001,91,Ensemble_Avg,1.0795694078014897,1.0390232951197436,0.6598804772567342,0.5619834710743802
2,RandomForest,0.001,91,Ensemble_Weighted,0.9585517445106825,0.9790565583819366,0.6283309791563653,0.5371900826446281
2,RandomForest,0.001,91,Avg(Lasso+GradientBoosting),0.8316949840884276,0.9119731268455379,0.5941829341863202,0.5289256198347108
2,RandomForest,0.001,91,Avg(top3),0.6265732857199521,0.7915638228974036,0.5060514052616908,0.5702479338842975
2,RandomForest,0.002,45,Lasso,0.791353674489823,0.8895806171954417,0.6068468226055675,0.5454545454545454
2,RandomForest,0.002,45,Ridge,1.2102678518138257,1.100121744087365,0.7896115056658772,0.5537190082644629
2,RandomForest,0.002,45,LightGBM,1.2578255459495267,1.1215282189715632,0.7367351090677046,0.5702479338842975
2,RandomForest,0.002,45,GradientBoosting,1.2886060770936687,1.1351678629584563,0.7260561813786236,0.5619834710743802
2,RandomForest,0.002,45,XGBoost,1.392991218616478,1.1802504897759958,0.798004196411422,0.5371900826446281
2,RandomForest,0.002,45,Linear,1.3955466827872907,1.1813325877107135,0.8982561563478867,0.5206611570247934
2,RandomForest,0.002,45,RandomForest,1.423468947291958,1.193092178874691,0.7790991143333699,0.5289256198347108
2,RandomForest,0.002,45,MLP,1.776615817307966,1.3328975269344474,0.9145255364169996,0.4380165289256198
2,RandomForest,0.002,45,Ensemble_Avg,0.7831788103390724,0.8849739037616151,0.5826467100104948,0.5289256198347108
2,RandomForest,0.002,45,Ensemble_Weighted,0.7998634091853986,0.8943508311537472,0.5906458072040771,0.5371900826446281
2,RandomForest,0.002,45,Avg(Lasso+Ridge),0.9269158731947277,0.9627647029231637,0.6772720557651013,0.5206611570247934
2,RandomForest,0.002,45,Avg(top3),0.9094093804729889,0.9536295824233794,0.6386531385751177,0.5454545454545454
2,RandomForest,0.005,17,MLP,0.6738668030712361,0.8208939048812801,0.6551642103829793,0.512396694214876
2,RandomForest,0.005,17,Ridge,0.8123600737982398,0.9013101984323931,0.6039137699757406,0.5619834710743802
2,RandomForest,0.005,17,Lasso,0.8139143534833906,0.9021720198960897,0.5911116107312357,0.5454545454545454
2,RandomForest,0.005,17,Linear,0.8185089880900828,0.9047148656289907,0.6017122757768424,0.5537190082644629
2,RandomForest,0.005,17,XGBoost,1.2726061073491186,1.128098447543085,0.7467760183903803,0.49586776859504134
2,RandomForest,0.005,17,GradientBoosting,1.4809839002698415,1.2169568193941154,0.7679804720547287,0.5206611570247934
2,RandomForest,0.005,17,LightGBM,1.4878265256517866,1.219764946885992,0.8083445707345249,0.5454545454545454
2,RandomForest,0.005,17,RandomForest,1.5064843824939709,1.2273892546759446,0.8173890398778684,0.5041322314049587
2,RandomForest,0.005,17,Ensemble_Avg,0.8709425409328428,0.9332430235114768,0.6191516713489119,0.5289256198347108
2,RandomForest,0.005,17,Ensemble_Weighted,0.804979940915128,0.8972067436857171,0.5992543040684366,0.5454545454545454
2,RandomForest,0.005,17,Avg(MLP+Ridge),0.5210449041879277,0.7218344021920317,0.5456467039661917,0.5785123966942148
2,RandomForest,0.005,17,Avg(top3),0.565570520668642,0.7520442278673788,0.5416398530384151,0.5785123966942148
2,RandomForest,0.01,6,Linear,0.7228520122926981,0.8502070408392877,0.5821759695351759,0.5041322314049587
2,RandomForest,0.01,6,Ridge,0.7355994389920996,0.8576709386426122,0.5846882882335284,0.48760330578512395
2,RandomForest,0.01,6,MLP,0.7529693003574633,0.8677380367123844,0.6163007545220214,0.5206611570247934
2,RandomForest,0.01,6,Lasso,0.7976365587201596,0.8931050099065393,0.5974029104768488,0.4793388429752066
2,RandomForest,0.01,6,GradientBoosting,1.0795155983729943,1.0389974005612306,0.6892567610769673,0.47107438016528924
2,RandomForest,0.01,6,RandomForest,1.2850036088705148,1.133579996678891,0.7495247164621445,0.47107438016528924
2,RandomForest,0.01,6,XGBoost,1.6349669331239565,1.2786582550173273,0.8531548961226094,0.49586776859504134
2,RandomForest,0.01,6,LightGBM,1.9282862966188807,1.3886274866280304,0.9210425642798727,0.4793388429752066
2,RandomForest,0.01,6,Ensemble_Avg,0.9266218325891065,0.9626119844408267,0.6457360707922513,0.5206611570247934
2,RandomForest,0.01,6,Ensemble_Weighted,0.863080340916965,0.9290211735568598,0.6268928639431268,0.48760330578512395
2,RandomForest,0.01,6,Avg(Linear+Ridge),0.7291237303551219,0.8538874225301143,0.5834001602112789,0.48760330578512395
2,RandomForest,0.01,6,Avg(top3),0.6743091110882773,0.8211632670110599,0.5806446112750575,0.4793388429752066
2,RandomForest,0.02,4,MLP,0.54084985399357,0.7354249478998995,0.5538025966249025,0.5206611570247934
2,RandomForest,0.02,4,Linear,0.7369716780344983,0.8584705458165109,0.5837438433124089,0.48760330578512395
2,RandomForest,0.02,4,Ridge,0.7432619438647026,0.8621264082863386,0.585396892873438,0.48760330578512395
2,RandomForest,0.02,4,Lasso,0.7860398618125313,0.8865888910947008,0.595842222637867,0.47107438016528924
2,RandomForest,0.02,4,RandomForest,1.1284660684094403,1.0622928355257981,0.7138541926609133,0.48760330578512395
2,RandomForest,0.02,4,XGBoost,1.146804999186622,1.0708898165481928,0.7231688267914043,0.5206611570247934
2,RandomForest,0.02,4,GradientBoosting,1.1647742113148274,1.079247057589145,0.7237938618975268,0.5371900826446281
2,RandomForest,0.02,4,LightGBM,1.7931051009958343,1.3390687439395463,0.8946592388775134,0.48760330578512395
2,RandomForest,0.02,4,Ensemble_Avg,0.8340112283262701,0.9132421520748317,0.628728005359086,0.5206611570247934
2,RandomForest,0.02,4,Ensemble_Weighted,0.7736958841514006,0.8795998431965529,0.60994172078238,0.5289256198347108
2,RandomForest,0.02,4,Avg(MLP+Linear),0.5324674726290718,0.7297036882386383,0.5358406754886671,0.5206611570247934
2,RandomForest,0.02,4,Avg(top3),0.5792551407429671,0.7610881294192987,0.5456871676255828,0.49586776859504134
3,Lasso,0.001,17,LightGBM,1.989899161648335,1.410637856307683,0.9762848311077627,0.5583333333333333
3,Lasso,0.001,17,GradientBoosting,1.9988662881582335,1.4138126778884936,0.9825154766543992,0.5583333333333333
3,Lasso,0.001,17,Lasso,2.0547473570645325,1.4334389966317131,0.9648588052493645,0.5583333333333333
3,Lasso,0.001,17,XGBoost,2.242905496085447,1.4976332982694551,1.014426115279033,0.5833333333333334
3,Lasso,0.001,17,RandomForest,2.3664486052457696,1.5383265600144105,1.0193479408547814,0.525
3,Lasso,0.001,17,Ridge,2.7978044179413497,1.6726638687857611,1.1347037458679003,0.5083333333333333
3,Lasso,0.001,17,Linear,2.828876554370151,1.6819264414266608,1.1397673169284757,0.5166666666666667
3,Lasso,0.001,17,MLP,4.735140481019945,2.176037794023795,1.2335132744347268,0.5333333333333333
3,Lasso,0.001,17,Ensemble_Avg,1.9179192265241019,1.3848896080641597,0.9419764388242488,0.5666666666666667
3,Lasso,0.001,17,Ensemble_Weighted,1.9193153549628783,1.3853935740297334,0.9463413349377671,0.5666666666666667
3,Lasso,0.001,17,Avg(LightGBM+GradientBoosting),1.946353624355094,1.3951177815349836,0.959788839242274,0.5583333333333333
3,Lasso,0.001,17,Avg(top3),1.8555642247502342,1.3621909648614743,0.9379034800354943,0.55
3,Lasso,0.002,17,LightGBM,1.989899161648335,1.410637856307683,0.9762848311077627,0.5583333333333333
3,Lasso,0.002,17,GradientBoosting,1.9988662881582335,1.4138126778884936,0.9825154766543992,0.5583333333333333
3,Lasso,0.002,17,Lasso,2.0547473570645325,1.4334389966317131,0.9648588052493645,0.5583333333333333
3,Lasso,0.002,17,XGBoost,2.242905496085447,1.4976332982694551,1.014426115279033,0.5833333333333334
3,Lasso,0.002,17,RandomForest,2.366448605245769,1.5383265600144103,1.0193479408547814,0.525
3,Lasso,0.002,17,Ridge,2.7978044179413497,1.6726638687857611,1.1347037458679003,0.5083333333333333
3,Lasso,0.002,17,Linear,2.828876554370151,1.6819264414266608,1.1397673169284757,0.5166666666666667
3,Lasso,0.002,17,MLP,4.735140481019945,2.176037794023795,1.2335132744347268,0.5333333333333333
3,Lasso,0.002,17,Ensemble_Avg,1.9179192265241019,1.3848896080641597,0.9419764388242488,0.5666666666666667
3,Lasso,0.002,17,Ensemble_Weighted,1.9193153549628783,1.3853935740297334,0.9463413349377671,0.5666666666666667
3,Lasso,0.002,17,Avg(LightGBM+GradientBoosting),1.946353624355094,1.3951177815349836,0.959788839242274,0.5583333333333333
3,Lasso,0.002,17,Avg(top3),1.8555642247502342,1.3621909648614743,0.9379034800354943,0.55
3,Lasso,0.005,17,LightGBM,1.989899161648335,1.410637856307683,0.9762848311077627,0.5583333333333333
3,Lasso,0.005,17,GradientBoosting,1.9988662881582335,1.4138126778884936,0.9825154766543992,0.5583333333333333
3,Lasso,0.005,17,Lasso,2.0547473570645325,1.4334389966317131,0.9648588052493645,0.5583333333333333
3,Lasso,0.005,17,XGBoost,2.242905496085447,1.4976332982694551,1.014426115279033,0.5833333333333334
3,Lasso,0.005,17,RandomForest,2.366448605245769,1.5383265600144103,1.0193479408547812,0.525
3,Lasso,0.005,17,Ridge,2.7978044179413497,1.6726638687857611,1.1347037458679003,0.5083333333333333
3,Lasso,0.005,17,Linear,2.828876554370151,1.6819264414266608,1.1397673169284757,0.5166666666666667
3,Lasso,0.005,17,MLP,4.735140481019945,2.176037794023795,1.2335132744347268,0.5333333333333333
3,Lasso,0.005,17,Ensemble_Avg,1.9179192265241019,1.3848896080641597,0.9419764388242488,0.5666666666666667
3,Lasso,0.005,17,Ensemble_Weighted,1.9193153549628783,1.3853935740297334,0.9463413349377671,0.5666666666666667
3,Lasso,0.005,17,Avg(LightGBM+GradientBoosting),1.946353624355094,1.3951177815349836,0.959788839242274,0.5583333333333333
3,Lasso,0.005,17,Avg(top3),1.8555642247502342,1.3621909648614743,0.9379034800354943,0.55
3,Lasso,0.01,14,GradientBoosting,1.830799942044107,1.3530705606301938,0.9182876333440072,0.5583333333333333
3,Lasso,0.01,14,LightGBM,1.894241242850747,1.3763143691943156,0.9274581951919836,0.5666666666666667
3,Lasso,0.01,14,Linear,1.905721115518992,1.380478582057321,0.9576870616920186,0.5666666666666667
3,Lasso,0.01,14,Ridge,1.9136000793369121,1.3833293459393219,0.9566571633433059,0.5666666666666667
3,Lasso,0.01,14,Lasso,2.050151745966165,1.431835097337038,0.9576073062959468,0.5583333333333333
3,Lasso,0.01,14,XGBoost,2.060520121873437,1.4354511910453231,0.9583419263448263,0.6166666666666667
3,Lasso,0.01,14,RandomForest,2.255919351536429,1.5019718211525903,0.9857930475082539,0.5083333333333333
3,Lasso,0.01,14,MLP,2.9001986713651062,1.7029969675149472,1.0319665874009583,0.55
3,Lasso,0.01,14,Ensemble_Avg,1.6577748641537937,1.2875460629250488,0.8594580050520981,0.575
3,Lasso,0.01,14,Ensemble_Weighted,1.6670189456518718,1.2911308785912727,0.8640564947316798,0.575
3,Lasso,0.01,14,Avg(GradientBoosting+LightGBM),1.8009241838769103,1.341985165296886,0.8960089013449484,0.575
3,Lasso,0.01,14,Avg(top3),1.6694543918874287,1.2920736789701386,0.8867375298645175,0.5583333333333333
3,Lasso,0.02,14,GradientBoosting,1.830799942044107,1.3530705606301938,0.9182876333440072,0.5583333333333333
3,Lasso,0.02,14,LightGBM,1.894241242850747,1.3763143691943156,0.9274581951919836,0.5666666666666667
3,Lasso,0.02,14,Linear,1.905721115518992,1.380478582057321,0.9576870616920186,0.5666666666666667
3,Lasso,0.02,14,Ridge,1.9136000793369121,1.3833293459393219,0.9566571633433059,0.5666666666666667
3,Lasso,0.02,14,Lasso,2.050151745966165,1.431835097337038,0.9576073062959468,0.5583333333333333
3,Lasso,0.02,14,XGBoost,2.060520121873437,1.4354511910453231,0.9583419263448263,0.6166666666666667
3,Lasso,0.02,14,RandomForest,2.255919351536429,1.5019718211525903,0.9857930475082539,0.5083333333333333
3,Lasso,0.02,14,MLP,2.9001986713651062,1.7029969675149472,1.0319665874009583,0.55
3,Lasso,0.02,14,Ensemble_Avg,1.6577748641537933,1.2875460629250486,0.8594580050520981,0.575
3,Lasso,0.02,14,Ensemble_Weighted,1.6670189456518725,1.291130878591273,0.8640564947316798,0.575
3,Lasso,0.02,14,Avg(GradientBoosting+LightGBM),1.8009241838769103,1.341985165296886,0.8960089013449484,0.575
3,Lasso,0.02,14,Avg(top3),1.6694543918874287,1.2920736789701386,0.8867375298645175,0.5583333333333333
3,XGBoost,0.001,66,MLP,0.8868592322091413,0.9417320384319211,0.7017086267487971,0.49166666666666664
3,XGBoost,0.001,66,LightGBM,1.4400487138162157,1.2000202972517655,0.7424126905399813,0.5666666666666667
3,XGBoost,0.001,66,Lasso,1.5832830580234325,1.258285761670787,0.8157121158137673,0.5083333333333333
3,XGBoost,0.001,66,RandomForest,1.7665245325258225,1.3291066670985525,0.8796944105796096,0.5666666666666667
3,XGBoost,0.001,66,GradientBoosting,1.986926604029612,1.4095838407237833,0.8831909178660065,0.6
3,XGBoost,0.001,66,XGBoost,2.0610990874923774,1.4356528436541953,0.8887486455458825,0.5666666666666667
3,XGBoost,0.001,66,Ridge,2.2437068554704678,1.4979008162994196,1.131655721372823,0.5583333333333333
3,XGBoost,0.001,66,Linear,3.4718897694196547,1.8633007726665212,1.3793227431991248,0.5583333333333333
3,XGBoost,0.001,66,Ensemble_Avg,1.4030672057823732,1.1845113784942605,0.7478822106578692,0.55
3,XGBoost,0.001,66,Ensemble_Weighted,1.3037430295239136,1.1418156723061361,0.7122891667320026,0.5833333333333334
3,XGBoost,0.001,66,Avg(MLP+LightGBM),0.910460462491336,0.9541805188177633,0.6306559084578436,0.55
3,XGBoost,0.001,66,Avg(top3),1.0162571516945136,1.0080958048194197,0.652952016048395,0.5666666666666667
3,XGBoost,0.002,49,MLP,1.2369902592909183,1.1122006380554357,0.797364536690166,0.5083333333333333
3,XGBoost,0.002,49,XGBoost,1.536290638053584,1.239471919025834,0.78034606746017,0.55
3,XGBoost,0.002,49,LightGBM,1.6678007300188733,1.2914335948932385,0.8032717688052156,0.5666666666666667
3,XGBoost,0.002,49,Lasso,1.6836411174700996,1.2975519710092924,0.8647632495734137,0.5333333333333333
3,XGBoost,0.002,49,GradientBoosting,1.821508485246935,1.3496327223533575,0.8556403559650203,0.5583333333333333
3,XGBoost,0.002,49,RandomForest,1.9198339212128201,1.3855807162387979,0.9432085806592531,0.5416666666666666
3,XGBoost,0.002,49,Ridge,2.025278125920162,1.4231226672076311,1.0608196278034248,0.575
3,XGBoost,0.002,49,Linear,3.0788323030584825,1.7546601673995117,1.2341335923152967,0.5666666666666667
3,XGBoost,0.002,49,Ensemble_Avg,1.3616599054483354,1.1669018405368703,0.7170259849644866,0.6
3,XGBoost,0.002,49,Ensemble_Weighted,1.3012597421895142,1.1407277248272325,0.6981176694986188,0.6
3,XGBoost,0.002,49,Avg(MLP+XGBoost),0.9780143271166726,0.9889460688615292,0.6192258166861367,0.5666666666666667
3,XGBoost,0.002,49,Avg(top3),1.1242061723577106,1.060285891803579,0.6464232510534332,0.575
3,XGBoost,0.005,30,Ridge,1.0789392572070815,1.0387200090530082,0.7793253362649709,0.5333333333333333
3,XGBoost,0.005,30,Linear,1.1538163538308492,1.0741584398173527,0.7892377004315007,0.55
3,XGBoost,0.005,30,XGBoost,1.4992532641598588,1.2244399798111212,0.7717384118526811,0.55
3,XGBoost,0.005,30,Lasso,1.5059894540333292,1.227187619736008,0.8345135189572701,0.525
3,XGBoost,0.005,30,GradientBoosting,1.617043820888328,1.2716303790364274,0.8447490311545031,0.5666666666666667
3,XGBoost,0.005,30,LightGBM,1.6368817711479435,1.2794068044011426,0.8273357384506045,0.5
3,XGBoost,0.005,30,MLP,1.907758929184422,1.3812164671710303,0.9848681022008757,0.4666666666666667
3,XGBoost,0.005,30,RandomForest,1.963919677318599,1.4013991855708348,0.9583116004511372,0.5
3,XGBoost,0.005,30,Ensemble_Avg,1.0123411567381233,1.0061516569275843,0.6732807037156094,0.5416666666666666
3,XGBoost,0.005,30,Ensemble_Weighted,1.005359301732189,1.0026760701902628,0.6711420002722731,0.55
3,XGBoost,0.005,30,Avg(Ridge+Linear),1.1013360793822127,1.0494456057281925,0.7771095005915595,0.5583333333333333
3,XGBoost,0.005,30,Avg(top3),1.006350687345622,1.003170318214022,0.6877993258449892,0.5333333333333333
3,XGBoost,0.01,17,MLP,0.9011759112670901,0.9493028553981548,0.723695635023746,0.48333333333333334
3,XGBoost,0.01,17,Ridge,1.2662959509676937,1.1252981609190045,0.8429431597711713,0.5333333333333333
3,XGBoost,0.01,17,Linear,1.3004849952818838,1.1403880897667618,0.8756445886844655,0.5416666666666666
3,XGBoost,0.01,17,LightGBM,1.5101589573746406,1.228885249880818,0.8349660662618138,0.525
3,XGBoost,0.01,17,Lasso,1.5507581617441821,1.245294407657957,0.8321484360397556,0.5416666666666666
3,XGBoost,0.01,17,XGBoost,1.5831338769961336,1.2582264808038868,0.8028209905661563,0.5583333333333333
3,XGBoost,0.01,17,RandomForest,1.7130750816760136,1.308844941800217,0.8898635325504417,0.5083333333333333
3,XGBoost,0.01,17,GradientBoosting,1.9413656863840232,1.3933289943096796,0.9216907980630683,0.5166666666666667
3,XGBoost,0.01,17,Ensemble_Avg,1.0694987287245081,1.0341657162778644,0.7074584626252609,0.5416666666666666
3,XGBoost,0.01,17,Ensemble_Weighted,1.0202560297852952,1.010077239514531,0.6952426956839161,0.5333333333333333
3,XGBoost,0.01,17,Avg(MLP+Ridge),0.8185720791095257,0.9047497328596045,0.6690540002791786,0.5083333333333333
3,XGBoost,0.01,17,Avg(top3),0.91214080224005,0.955060627520604,0.700892039923157,0.5166666666666667
3,XGBoost,0.02,11,MLP,1.032314192362318,1.016028637569984,0.6903568919352312,0.4583333333333333
3,XGBoost,0.02,11,Ridge,1.3358296534698162,1.1557809712353877,0.8104639895572797,0.48333333333333334
3,XGBoost,0.02,11,Linear,1.3436346372750818,1.1591525513387277,0.8169727808124044,0.475
3,XGBoost,0.02,11,LightGBM,1.407185526821571,1.186248509723646,0.8296646032511874,0.49166666666666664
3,XGBoost,0.02,11,Lasso,1.507790309134618,1.2279211331085633,0.8277516395345019,0.45
3,XGBoost,0.02,11,RandomForest,1.6278906577142667,1.2758881838602734,0.8489336726453856,0.55
3,XGBoost,0.02,11,XGBoost,1.6510139119290392,1.2849178619386685,0.8356350572821797,0.5583333333333333
3,XGBoost,0.02,11,GradientBoosting,1.7482249270685366,1.3222045708091228,0.8768845806893768,0.5083333333333333
3,XGBoost,0.02,11,Ensemble_Avg,0.9482835285961758,0.9737985051314136,0.6661674702187218,0.5083333333333333
3,XGBoost,0.02,11,Ensemble_Weighted,0.9066015215508257,0.952156248496446,0.6539886196519903,0.5083333333333333
3,XGBoost,0.02,11,Avg(MLP+Ridge),0.7351221045552487,0.8573926198395043,0.5910864570263538,0.49166666666666664
3,XGBoost,0.02,11,Avg(top3),0.8391996151954745,0.9160783892197624,0.6387664752781465,0.49166666666666664
3,RandomForest,0.001,104,Lasso,1.2358957438343874,1.1117084796988765,0.7265107839833784,0.55
3,RandomForest,0.001,104,MLP,1.4522557967858352,1.2050957624960081,0.8612503102860181,0.475
3,RandomForest,0.001,104,LightGBM,1.5012101872525823,1.2252388286585527,0.7965307344837891,0.6
3,RandomForest,0.001,104,RandomForest,1.7695390636661497,1.3302402278032903,0.8537406731206137,0.5666666666666667
3,RandomForest,0.001,104,XGBoost,1.78899957723477,1.3375348882308715,0.86538756644756,0.5916666666666667
3,RandomForest,0.001,104,GradientBoosting,1.8996990757623198,1.3782957141928287,0.8696009413251305,0.575
3,RandomForest,0.001,104,Ridge,4.705169717106998,2.1691403175237416,1.4448348028508078,0.5333333333333333
3,RandomForest,0.001,104,Linear,8.558006003125197,2.925406980767838,1.9121899976159766,0.5416666666666666
3,RandomForest,0.001,104,Ensemble_Avg,1.7443321656780897,1.3207316781534733,0.7932389710212341,0.5666666666666667
3,RandomForest,0.001,104,Ensemble_Weighted,1.3588915952123566,1.1657150574700306,0.7052788102158757,0.6
3,RandomForest,0.001,104,Avg(Lasso+MLP),0.7371180133353133,0.8585557718257524,0.6014440655381619,0.5333333333333333
3,RandomForest,0.001,104,Avg(top3),0.7790242709727946,0.8826235159867397,0.5855437982079474,0.6083333333333333
3,RandomForest,0.002,72,MLP,0.9897917271518848,0.9948827705573581,0.7091615626783139,0.48333333333333334
3,RandomForest,0.002,72,Lasso,1.1898467639844421,1.0908009735897939,0.7236935484428615,0.5583333333333333
3,RandomForest,0.002,72,LightGBM,1.479518744803292,1.2163546953102504,0.7851851528976868,0.5916666666666667
3,RandomForest,0.002,72,RandomForest,1.8119149593488781,1.3460739056043238,0.8502568764328446,0.575
3,RandomForest,0.002,72,XGBoost,1.8623212965135072,1.3646689329333717,0.8891956372843923,0.5583333333333333
3,RandomForest,0.002,72,GradientBoosting,1.8698064880688376,1.3674086763176683,0.8491243223778876,0.575
3,RandomForest,0.002,72,Ridge,2.692398106691678,1.6408528595494716,1.0489037509164203,0.5083333333333333
3,RandomForest,0.002,72,Linear,4.031010392714382,2.0077376304473606,1.2945978666968636,0.5333333333333333
3,RandomForest,0.002,72,Ensemble_Avg,1.5430732520047994,1.2422049959667685,0.7523753761852839,0.5583333333333333
3,RandomForest,0.002,72,Ensemble_Weighted,1.4009394209320793,1.1836128678466111,0.7165114130700346,0.55
3,RandomForest,0.002,72,Avg(MLP+Lasso),0.909581155250111,0.9537196418498001,0.6280181646963268,0.525
3,RandomForest,0.002,72,Avg(top3),1.0027409299985939,1.0013695271969254,0.6364757746610644,0.5833333333333334
3,RandomForest,0.005,28,MLP,0.8946450291008609,0.945856769865745,0.7069578999496294,0.475
3,RandomForest,0.005,28,Lasso,1.479469371553999,1.2163343995604166,0.8160867048022289,0.5083333333333333
3,RandomForest,0.005,28,LightGBM,1.5768165675892265,1.2557135690870058,0.801036247614526,0.6166666666666667
3,RandomForest,0.005,28,XGBoost,1.5832242976661381,1.2582624120850698,0.7565316169118251,0.6
3,RandomForest,0.005,28,RandomForest,1.6297035682322463,1.2765984365618839,0.8317808695807041,0.5333333333333333
3,RandomForest,0.005,28,GradientBoosting,1.7121041490419187,1.308473977212355,0.8038450950707579,0.5583333333333333
3,RandomForest,0.005,28,Ridge,1.7278305624308805,1.3144696886694955,0.8905328728991737,0.5083333333333333
3,RandomForest,0.005,28,Linear,1.7469782578187558,1.3217330508914256,0.9289014900051296,0.5333333333333333
3,RandomForest,0.005,28,Ensemble_Avg,1.2122894967886364,1.1010401885438317,0.7074438417084133,0.5833333333333334
3,RandomForest,0.005,28,Ensemble_Weighted,1.1523013237726865,1.073452990946826,0.6880733612410489,0.5833333333333334
3,RandomForest,0.005,28,Avg(MLP+Lasso),0.8179163526154832,0.9043872802154413,0.6189718290960916,0.5166666666666667
3,RandomForest,0.005,28,Avg(top3),0.8988048989712105,0.9480532152633683,0.6152854768346819,0.5583333333333333
3,RandomForest,0.01,11,MLP,0.8310553358251636,0.9116223647021631,0.6651847155949263,0.5416666666666666
3,RandomForest,0.01,11,XGBoost,1.1774854029924529,1.0851199947436472,0.7102282262269078,0.5
3,RandomForest,0.01,11,LightGBM,1.3179846645789786,1.1480351321187774,0.7790461931746507,0.48333333333333334
3,RandomForest,0.01,11,Linear,1.380426838100854,1.1749156727616046,0.7437627956873804,0.525
3,RandomForest,0.01,11,Ridge,1.3887255762289203,1.1784420122470687,0.7486151498683943,0.5333333333333333
3,RandomForest,0.01,11,GradientBoosting,1.3983495007065825,1.1825182876837814,0.7765805096971816,0.5083333333333333
3,RandomForest,0.01,11,RandomForest,1.4226726132015814,1.1927584052110392,0.7837338789441611,0.525
3,RandomForest,0.01,11,Lasso,1.504614579657712,1.2266273189757808,0.7797923204830075,0.5
3,RandomForest,0.01,11,Ensemble_Avg,1.037190687476688,1.0184255925086958,0.6645147444953967,0.5333333333333333
3,RandomForest,0.01,11,Ensemble_Weighted,0.9992516056852871,0.9996257328046768,0.6540983625598915,0.5333333333333333
3,RandomForest,0.01,11,Avg(MLP+XGBoost),0.6375504418236771,0.7984675584040201,0.5562423594313649,0.5333333333333333
3,RandomForest,0.01,11,Avg(top3),0.7500410777386676,0.8660491197031884,0.5799128918572388,0.55
3,RandomForest,0.02,8,MLP,0.8268363190853913,0.9093054047378094,0.7109300341216073,0.5
3,RandomForest,0.02,8,Linear,1.2424949455854517,1.1146725732633112,0.738882542142505,0.5
3,RandomForest,0.02,8,Ridge,1.2478797156914796,1.1170853663402271,0.740148337069345,0.49166666666666664
3,RandomForest,0.02,8,RandomForest,1.2684428678116755,1.126251689371286,0.7478122149689226,0.475
3,RandomForest,0.02,8,XGBoost,1.282696202262413,1.1325617873928173,0.7545895229850893,0.5333333333333333
3,RandomForest,0.02,8,GradientBoosting,1.3187392715691468,1.1483637366135988,0.7599029716802572,0.5166666666666667
3,RandomForest,0.02,8,Lasso,1.3268646461788467,1.1518961091083026,0.7545176219139605,0.5083333333333333
3,RandomForest,0.02,8,LightGBM,1.493191256786388,1.221962052105706,0.8739714539090946,0.4666666666666667
3,RandomForest,0.02,8,Ensemble_Avg,1.0662173917084095,1.032578031776974,0.7057564500727748,0.525
3,RandomForest,0.02,8,Ensemble_Weighted,1.043691531367827,1.0216122216221901,0.7008066452338779,0.5166666666666667
3,RandomForest,0.02,8,Avg(MLP+Linear),0.9108385390715945,0.9543786141105607,0.6986265420735808,0.525
3,RandomForest,0.02,8,Avg(top3),0.9950380347904793,0.9975159320985701,0.6991796218863364,0.5416666666666666
