date,CPI,CORE_CPI,PPI,UNRATE,PAYROLLS,SP500,VIX,OIL,GS10,GS3M,DXY,YIELD_SPREAD_10_3M,HY_SPREAD,NFCI,CPI_YOY_BLS,CORE_CPI_YOY_BLS,HAS_BLS_DATA
2000-01-31,168.8,178.8,128.3,4.0,131011.0,1394.4599609375,24.950000762939453,,6.666999816894531,5.53000020980835,105.12999725341795,1.1369996070861816,,-0.198,,,1
2000-02-29,169.8,179.5,129.8,4.1,131120.0,1366.4200439453125,23.3700008392334,,6.408999919891357,5.639999866485596,105.91999816894533,0.7690000534057617,,-0.204,,,1
2000-03-31,171.2,180.5,130.8,4.0,131604.0,1498.5799560546875,24.11000061035156,,6.0229997634887695,5.71999979019165,105.44000244140624,0.3029999732971191,,-0.132,,,1
2000-04-30,171.3,180.9,130.7,3.8,131884.0,1452.4300537109375,26.200000762939453,,6.214000225067139,5.650000095367432,110.13999938964844,0.564000129699707,,-0.053,,,1
2000-05-31,171.5,180.9,131.6,4.0,132105.0,1420.5999755859375,23.649999618530277,,6.284999847412109,5.489999771118164,108.73999786376952,0.7950000762939453,,0.004,,,1
2000-06-30,172.4,181.0,133.8,4.0,132063.0,1454.5999755859375,19.540000915527344,,6.01800012588501,5.699999809265137,106.83999633789062,0.318000316619873,,0.022,,,1
2000-07-31,172.8,181.3,133.7,4.0,132228.0,1430.8299560546875,20.739999771118164,,6.02899980545044,6.019999980926514,109.56999969482422,0.0089998245239257,,-0.071,,,1
2000-08-31,172.8,181.7,132.9,4.1,132234.0,1517.6800537109375,16.84000015258789,33.099998474121094,5.729000091552734,6.110000133514404,112.5999984741211,-0.3810000419616699,,-0.174,,,1
2000-09-30,173.7,182.3,134.7,3.9,132337.0,1436.510009765625,20.56999969482422,30.86000061035156,5.777999877929688,6.03000020980835,113.25,-0.2520003318786621,,-0.204,,,1
2000-10-31,174.0,182.8,135.4,3.9,132352.0,1429.4000244140625,23.6299991607666,32.689998626708984,5.756999969482422,6.150000095367432,116.6500015258789,-0.3930001258850097,,-0.179,,,1
2000-11-30,174.1,183.0,135.0,3.9,132556.0,1314.949951171875,29.649999618530277,33.79999923706055,5.439000129699707,6.010000228881836,115.23999786376952,-0.5710000991821289,,-0.135,,,1
2000-12-31,174.0,182.8,136.2,3.9,132716.0,1320.280029296875,26.850000381469727,26.799999237060547,5.110000133514404,5.730000019073486,109.55999755859376,-0.619999885559082,,-0.077,,,1
2001-01-31,175.1,183.5,140.0,4.2,132703.0,1366.010009765625,22.020000457763672,28.700000762939453,5.178999900817871,4.840000152587891,110.5199966430664,0.3389997482299804,,-0.174,3.732227488151652,2.6286353467561474,1
2001-02-28,175.8,184.4,137.4,4.2,132788.0,1239.93994140625,28.350000381469727,27.420000076293945,4.9079999923706055,4.71999979019165,112.01000213623048,0.188000202178955,,-0.271,3.5335689045936425,2.7298050139275887,1
2001-03-31,176.2,185.3,135.9,4.3,132751.0,1160.3299560546875,28.63999938964844,26.399999618530277,4.914999961853027,4.179999828338623,117.37000274658205,0.7350001335144043,,-0.26,2.9205607476635587,2.659279778393353,1
2001-04-30,176.9,185.6,136.4,4.4,132458.0,1249.4599609375,25.479999542236328,28.459999084472656,5.3379998207092285,3.829999923706055,115.8499984741211,1.5079998970031738,,-0.298,3.269118505545832,2.598120508568269,1
2001-05-31,177.7,185.5,136.8,4.3,132408.0,1255.8199462890625,22.63999938964844,28.3700008392334,5.413000106811523,3.539999961853028,119.06999969482422,1.873000144958496,,-0.395,3.6151603498542295,2.5428413488114865,1
2001-06-30,178.0,185.9,135.5,4.5,132300.0,1224.3800048828125,19.059999465942383,26.25,5.389999866485596,3.559999942779541,119.43000030517578,1.829999923706055,,-0.448,3.248259860788849,2.707182320442003,1
2001-07-31,177.5,186.2,133.4,4.6,132172.0,1211.22998046875,21.6200008392334,26.350000381469727,5.037000179290772,3.440000057220459,117.18000030517578,1.5970001220703125,,-0.485,2.719907407407396,2.7027027027026973,1
2001-08-31,177.5,186.6,133.4,4.9,132021.0,1133.5799560546875,24.920000076293945,27.200000762939453,4.815999984741211,3.2799999713897705,113.41999816894533,1.5360000133514404,,-0.477,2.719907407407396,2.696752889378096,1
2001-09-30,178.3,187.1,133.3,5.0,131763.0,1040.93994140625,31.93000030517578,23.43000030517578,4.574999809265137,2.299999952316284,113.4800033569336,2.2749998569488525,,-0.362,2.648244099021313,2.633022490400428,1
2001-10-31,177.7,187.6,130.3,5.3,131452.0,1059.780029296875,33.560001373291016,21.18000030517578,4.263000011444092,2.009999990463257,114.86000061035156,2.253000020980835,,-0.361,2.126436781609198,2.6258205689277725,1
2001-11-30,177.4,188.1,129.8,5.5,131144.0,1139.449951171875,23.84000015258789,19.440000534057617,4.74399995803833,1.7300000190734863,116.12999725341795,3.013999938964844,,-0.391,1.895462377943713,2.786885245901627,1
2001-12-31,176.7,187.8,128.1,5.7,130983.0,1148.0799560546875,23.799999237060547,19.84000015258789,5.0320000648498535,1.6699999570846558,116.75,3.3620001077651978,,-0.362,1.551724137931032,2.7352297592997843,1
2002-01-31,177.1,188.2,128.5,5.7,130859.0,1130.199951171875,21.09000015258789,19.479999542236328,5.025000095367432,1.7200000286102295,120.23999786376952,3.305000066757202,,-0.429,1.142204454597362,2.561307901907361,1
2002-02-28,177.8,189.2,128.4,5.7,130737.0,1106.72998046875,21.59000015258789,21.850000381469727,4.859000205993652,1.7200000286102295,119.16000366210938,3.139000177383423,,-0.488,1.1376564277588264,2.6030368763557465,1
2002-03-31,178.8,189.8,129.8,5.7,130722.0,1147.3900146484375,17.399999618530273,26.229999542236328,5.406000137329102,1.7400000095367432,118.62000274658205,3.6660001277923584,,-0.495,1.4755959137344066,2.4284943335132203,1
2002-04-30,179.8,190.3,130.8,5.9,130616.0,1076.9200439453125,21.90999984741211,27.290000915527344,5.091000080108643,1.7300000190734863,115.19000244140624,3.361000061035156,,-0.548,1.6393442622950838,2.532327586206895,1
2002-05-31,179.8,190.2,130.8,5.8,130632.0,1067.1400146484375,19.979999542236328,25.350000381469727,5.043000221252441,1.7050000429153442,111.80999755859376,3.338000178337097,,-0.621,1.1817670230725996,2.5336927223719607,1
2002-06-30,179.9,190.1,130.9,5.8,130674.0,989.8200073242188,25.399999618530277,26.86000061035156,4.823999881744385,1.659000039100647,106.11000061035156,3.164999842643738,,-0.577,1.0674157303370846,2.2592791823560887,1
2002-07-31,180.1,190.3,131.2,5.8,130584.0,911.6199951171876,32.029998779296875,27.020000457763672,4.465000152587891,1.6649999618530271,107.41000366210938,2.8000001907348637,,-0.475,1.4647887323943731,2.2019334049409256,1
2002-08-31,180.7,191.0,131.5,5.7,130581.0,916.0700073242188,32.63999938964844,28.979999542236328,4.13700008392334,1.6449999809265137,106.9800033569336,2.492000102996826,,-0.408,1.802816901408444,2.357984994640949,1
2002-09-30,181.0,191.3,132.3,5.7,130502.0,815.280029296875,39.68999862670898,30.46999931335449,3.607000112533569,1.5269999504089355,106.87000274658205,2.080000162124634,,-0.367,1.5143017386427315,2.2447888829502998,1
2002-10-31,181.3,191.8,133.2,5.7,130617.0,885.760009765625,31.13999938964844,27.21999931335449,3.91100001335144,1.4170000553131104,106.63999938964844,2.49399995803833,,-0.369,2.025886325267323,2.2388059701492717,1
2002-11-30,181.3,191.8,133.1,5.9,130616.0,936.3099975585938,27.5,26.88999938964844,4.2129998207092285,1.2020000219345093,106.41000366210938,3.0109997987747192,,-0.435,2.19842164599775,1.967038809144084,1
2002-12-31,180.9,191.4,132.9,6.0,130465.0,879.8200073242188,28.6200008392334,31.200000762939453,3.818000078201294,1.1820000410079956,101.8499984741211,2.6360000371932983,,-0.465,2.376910016977929,1.9169329073482453,1
2003-01-31,181.7,191.8,135.3,5.8,130573.0,855.7000122070312,31.170000076293945,33.5099983215332,3.974999904632568,1.1480000019073486,99.91000366210938,2.82699990272522,,-0.506,2.5974025974025983,1.9128586609989504,1
2003-02-28,183.1,192.5,137.6,5.9,130441.0,841.1500244140625,29.6299991607666,36.59999847412109,3.696000099182129,1.1749999523162842,99.70999908447266,2.5210001468658447,,-0.534,2.9808773903261976,1.744186046511631,1
2003-03-31,184.2,193.0,141.2,5.9,130235.0,848.1799926757812,29.149999618530277,31.040000915527344,3.822999954223633,1.090000033378601,99.05999755859376,2.732999920845032,,-0.565,3.0201342281878985,1.6859852476290849,1
2003-04-30,183.8,193.1,136.8,6.0,130173.0,916.9199829101562,21.209999084472656,25.799999237060547,3.857000112533569,1.10099995136261,97.19000244140624,2.7560001611709595,,-0.649,2.224694104560632,1.4713610089332585,1
2003-05-31,183.5,193.2,136.7,6.1,130197.0,963.5900268554688,19.46999931335449,29.559999465942383,3.3499999046325684,1.0850000381469729,93.2699966430664,2.264999866485596,,-0.71,2.057842046718572,1.577287066246047,1
2003-06-30,183.7,193.0,138.0,6.3,130186.0,974.5,19.520000457763672,30.190000534057617,3.5280001163482666,0.8379999995231628,94.7300033569336,2.690000116825104,,-0.712,2.1122846025569686,1.525512887953706,1
2003-07-31,183.9,193.2,137.7,6.2,130184.0,990.3099975585938,19.489999771118164,30.540000915527344,4.473999977111816,0.9269999861717224,96.88999938964844,3.546999990940094,,-0.716,2.1099389228206533,1.523909616395147,1
2003-08-31,184.6,193.5,138.0,6.1,130153.0,1008.010009765625,18.6299991607666,31.56999969482422,4.453999996185303,0.959999978542328,98.0999984741211,3.494000017642975,,-0.684,2.158273381294973,1.308900523560208,1
2003-09-30,185.2,193.6,138.5,6.1,130252.0,995.969970703125,22.71999931335449,29.200000762939453,3.937000036239624,0.9259999990463256,92.8499984741211,3.0110000371932983,,-0.674,2.3204419889502725,1.202300052273908,1
2003-10-31,185.0,194.3,139.3,6.0,130439.0,1050.7099609375,16.100000381469727,29.11000061035156,4.301000118255615,0.9319999814033508,92.7300033569336,3.3690001368522644,,-0.704,2.0408163265306145,1.3034410844629862,1
2003-11-30,184.5,193.9,138.9,5.8,130480.0,1058.199951171875,16.31999969482422,30.40999984741211,4.320000171661377,0.9079999923706056,90.20999908447266,3.4120001792907715,,-0.717,1.7650303364588948,1.094890510948909,1
2003-12-31,184.3,193.6,139.5,5.7,130589.0,1111.9200439453125,18.309999465942383,32.52000045776367,4.256999969482422,0.9070000052452089,86.91999816894531,3.349999964237213,,-0.718,1.8794914317302516,1.1494252873563091,1
2004-01-31,185.2,194.0,141.4,5.7,130756.0,1131.1300048828125,16.6299991607666,33.04999923706055,4.138000011444092,0.8970000147819519,87.19999694824219,3.24099999666214,,-0.761,1.9262520638414935,1.147028154327412,1
2004-02-29,186.2,194.9,142.1,5.6,130821.0,1144.93994140625,14.550000190734863,36.15999984741211,3.983999967575073,0.9269999861717224,87.30999755859375,3.056999981403351,,-0.807,1.6930638995084513,1.2467532467532516,1
2004-03-31,187.4,196.1,143.1,5.8,131140.0,1126.2099609375,16.739999771118164,35.7599983215332,3.836999893188477,0.9229999780654908,87.61000061035156,2.913999915122986,,-0.811,1.7372421281216075,1.6062176165803077,1
2004-04-30,188.0,196.5,144.8,5.6,131412.0,1107.300048828125,17.190000534057617,37.380001068115234,4.500999927520752,0.9520000219345092,90.4800033569336,3.5489999055862427,,-0.769,2.285092491838947,1.760745727602275,1
2004-05-31,189.1,196.5,146.8,5.6,131697.0,1120.6800537109375,15.5,39.880001068115234,4.65500020980835,1.0520000457763672,88.94999694824219,3.6030001640319824,,-0.709,3.051771117166213,1.7080745341614856,1
2004-06-30,189.7,196.6,147.2,5.6,131794.0,1140.8399658203125,14.34000015258789,37.04999923706055,4.617000102996826,1.3029999732971191,88.80000305175781,3.314000129699707,,-0.688,3.26619488296136,1.865284974093262,1
2004-07-31,189.4,196.6,147.4,5.5,131854.0,1101.719970703125,15.31999969482422,43.79999923706055,4.474999904632568,1.4119999408721924,89.95999908447266,3.062999963760376,,-0.692,2.990755845568249,1.7598343685300222,1
2004-08-31,189.5,196.8,148.0,5.4,131939.0,1104.239990234375,15.289999961853027,42.119998931884766,4.131999969482422,1.5679999589920044,88.94000244140625,2.564000010490417,,-0.7,2.654387865655483,1.705426356589146,1
2004-09-30,189.9,197.4,147.7,5.4,132089.0,1114.5799560546875,13.34000015258789,49.63999938964844,4.11899995803833,1.6740000247955322,87.36000061035156,2.444999933242798,,-0.701,2.5377969762419017,1.9628099173553792,1
2004-10-31,190.9,198.2,150.0,5.5,132429.0,1130.199951171875,16.270000457763672,51.7599983215332,4.02899980545044,1.8669999837875368,84.91000366210938,2.161999821662903,,-0.702,3.189189189189201,2.007205352547592,1
2004-11-30,191.0,198.1,151.4,5.4,132503.0,1173.8199462890625,13.239999771118164,49.130001068115234,4.357999801635742,2.181999921798706,81.81999969482422,2.175999879837036,,-0.714,3.523035230352312,2.166064981949445,1
2004-12-31,190.3,197.8,150.2,5.4,132630.0,1211.9200439453125,13.289999961853027,43.45000076293945,4.216000080108643,2.181999921798706,80.8499984741211,2.0340001583099365,,-0.707,3.255561584373301,2.169421487603307,1
2005-01-31,190.7,198.4,150.9,5.3,132781.0,1181.27001953125,12.81999969482422,48.20000076293945,4.132999897003174,2.421999931335449,83.5999984741211,1.7109999656677246,,-0.699,2.969762419006483,2.268041237113394,1
2005-02-28,191.8,199.5,151.6,5.4,133034.0,1203.5999755859375,12.079999923706056,51.75,4.359000205993652,2.690000057220459,82.51000213623047,1.6690001487731934,,-0.711,3.0075187969925032,2.360184710107749,1
2005-03-31,193.3,200.7,153.7,5.2,133154.0,1180.5899658203125,14.020000457763672,55.400001525878906,4.495999813079834,2.7219998836517334,84.05999755859375,1.7739999294281006,,-0.686,3.1483457844183604,2.3457419683834857,1
2005-04-30,194.6,200.9,155.0,5.2,133520.0,1156.8499755859375,15.3100004196167,49.720001220703125,4.201000213623047,2.836999893188477,84.43000030517578,1.3640003204345703,,-0.629,3.5106382978723483,2.23918575063613,1
2005-05-31,194.4,200.8,154.3,5.1,133689.0,1191.5,13.289999961853027,51.970001220703125,4.00600004196167,2.881999969482422,87.76000213623047,1.124000072479248,,-0.601,2.8027498677948293,2.188295165394405,1
2005-06-30,194.5,200.6,154.3,5.0,133948.0,1191.3299560546875,12.039999961853027,56.5,3.944999933242798,3.059999942779541,89.11000061035156,0.8849999904632568,,-0.603,2.530311017395892,2.0345879959308144,1
2005-07-31,195.4,200.8,156.3,5.0,134300.0,1234.1800537109375,11.56999969482422,60.56999969482422,4.285999774932861,3.3320000171661377,89.3499984741211,0.9539997577667236,,-0.61,3.167898627243937,2.136317395727372,1
2005-08-31,196.4,201.0,157.6,4.9,134502.0,1220.3299560546875,12.600000381469728,68.94000244140625,4.019999980926514,3.430000066757202,87.58000183105469,0.5899999141693115,,-0.607,3.641160949868083,2.134146341463405,1
2005-09-30,198.8,201.3,162.2,5.0,134552.0,1228.81005859375,11.920000076293944,66.23999786376953,4.328000068664551,3.470000028610229,89.5199966430664,0.8580000400543213,,-0.577,4.686677198525535,1.9756838905775176,1
2005-10-31,199.2,202.3,166.2,5.0,134641.0,1207.010009765625,15.31999969482422,59.7599983215332,4.559000015258789,3.805000066757202,90.06999969482422,0.7539999485015869,,-0.576,4.347826086956519,2.068617558022212,1
2005-11-30,197.6,202.3,163.7,5.0,134997.0,1249.47998046875,12.0600004196167,57.31999969482422,4.5,3.857000112533569,91.56999969482422,0.6429998874664307,,-0.587,3.4554973821989465,2.120141342756199,1
2005-12-31,196.8,202.1,163.0,4.9,135159.0,1248.2900390625,12.06999969482422,61.040000915527344,4.394999980926514,3.984999895095825,91.16999816894533,0.4100000858306885,,-0.567,3.415659485023648,2.1739130434782483,1
2006-01-31,198.3,202.6,164.3,4.7,135427.0,1280.0799560546875,12.949999809265137,67.91999816894531,4.526999950408936,4.369999885559082,88.95999908447266,0.1570000648498535,,-0.587,3.985317252228637,2.116935483870952,1
2006-02-28,198.7,203.6,161.8,4.8,135733.0,1280.6600341796875,12.34000015258789,61.40999984741211,4.546999931335449,4.506999969482422,90.11000061035156,0.0399999618530273,,-0.625,3.59749739311781,2.055137844611532,1
2006-03-31,199.8,204.9,162.2,4.7,136038.0,1294.8699951171875,11.390000343322754,66.62999725341797,4.853000164031982,4.514999866485596,89.7300033569336,0.3380002975463867,,-0.632,3.3626487325400856,2.0926756352765308,1
2006-04-30,201.5,205.5,164.3,4.7,136210.0,1310.6099853515625,11.59000015258789,71.87999725341797,5.068999767303467,4.650000095367432,86.11000061035156,0.4189996719360351,,-0.623,3.5457348406988665,2.2896963663514125,1
2006-05-31,202.5,205.7,165.8,4.6,136249.0,1270.0899658203125,16.440000534057617,71.29000091552734,5.11299991607666,4.715000152587891,84.72000122070312,0.3979997634887695,,-0.6,4.166666666666674,2.440239043824688,1
2006-06-30,202.9,205.9,166.1,4.6,136337.0,1270.199951171875,13.079999923706056,73.9800033569336,5.138000011444092,4.860000133514404,85.22000122070312,0.2779998779296875,,-0.546,4.318766066838053,2.6420737786640114,1
2006-07-31,203.5,206.2,166.8,4.7,136529.0,1276.6600341796875,14.949999809265137,74.4000015258789,4.98799991607666,4.934999942779541,85.30000305175781,0.0529999732971191,,-0.543,4.145342886386905,2.689243027888444,1
2006-08-31,203.9,206.7,167.9,4.7,136692.0,1303.8199462890625,12.3100004196167,70.26000213623047,4.73199987411499,4.90500020980835,85.05000305175781,-0.1730003356933593,,-0.591,3.818737270875761,2.8358208955223896,1
2006-09-30,202.9,207.2,165.4,4.5,136826.0,1335.8499755859375,11.979999542236328,62.90999984741211,4.632999897003174,4.760000228881836,85.97000122070312,-0.1270003318786621,,-0.606,2.062374245472842,2.930948832588176,1
2006-10-31,201.8,207.8,162.2,4.4,136843.0,1377.93994140625,11.100000381469728,58.72999954223633,4.605999946594238,4.940000057220459,85.31999969482422,-0.3340001106262207,,-0.619,1.3052208835341528,2.718734552644597,1
2006-11-30,201.5,207.6,164.6,4.5,137060.0,1400.6300048828125,10.90999984741211,63.130001068115234,4.458000183105469,4.889999866485596,82.91999816894531,-0.4319996833801269,,-0.631,1.9736842105263277,2.6198714780029557,1
2006-12-31,201.8,207.3,165.6,4.4,137249.0,1418.300048828125,11.5600004196167,61.04999923706055,4.710000038146973,4.885000228881836,83.72000122070312,-0.1750001907348632,,-0.626,2.540650406504064,2.57298367144978,1
2007-01-31,202.416,208.009,164.0,4.6,137472.0,1438.239990234375,10.420000076293944,58.13999938964844,4.826000213623047,4.974999904632568,84.61000061035156,-0.1489996910095214,,-0.665,2.0756429652042385,2.669792694965456,1
2007-02-28,203.499,209.112,166.8,4.5,137560.0,1406.8199462890625,15.420000076293944,61.790000915527344,4.550000190734863,4.994999885559082,83.56999969482422,-0.4449996948242187,,-0.676,2.415198792148976,2.7072691552062933,1
2007-03-31,205.352,209.923,169.3,4.4,137784.0,1420.8599853515625,14.640000343322754,65.87000274658203,4.6479997634887695,4.894999980926514,82.93000030517578,-0.2470002174377441,,-0.624,2.778778778778768,2.451439726695948,1
2007-04-30,206.686,210.311,171.4,4.5,137847.0,1482.3699951171875,14.220000267028809,65.70999908447266,4.630000114440918,4.724999904632568,81.44999694824219,-0.0949997901916503,,-0.596,2.573697270471476,2.341119221411203,1
2007-05-31,207.949,210.316,173.3,4.4,137992.0,1530.6199951171875,13.050000190734863,64.01000213623047,4.889999866485596,4.590000152587891,82.30000305175781,0.2999997138977051,,-0.566,2.6908641975308623,2.2440447253281537,1
2007-06-30,208.352,210.474,173.8,4.6,138070.0,1503.3499755859375,16.229999542236328,70.68000030517578,5.0329999923706055,4.670000076293945,81.91999816894531,0.3629999160766601,,-0.537,2.687037949728932,2.221466731423005,1
2007-07-31,208.299,210.756,175.1,4.7,138044.0,1455.27001953125,23.520000457763672,78.20999908447266,4.770999908447266,4.809999942779541,80.7699966430664,-0.0390000343322753,,-0.406,2.358230958230956,2.2095053346265825,1
2007-08-31,207.917,211.111,172.4,4.6,138013.0,1473.989990234375,23.3799991607666,74.04000091552734,4.537000179290772,3.990000009536743,80.79000091552734,0.5470001697540283,,0.036,1.9700833742030357,2.134010643444606,1
2007-09-30,208.49,211.628,173.5,4.7,138099.0,1526.75,18.0,81.66000366210938,4.578999996185303,3.700000047683716,77.72000122070312,0.8789999485015869,,0.16,2.755051749630355,2.1370656370656382,1
2007-10-31,208.936,212.318,174.7,4.7,138175.0,1549.3800048828125,18.530000686645508,94.52999877929688,4.474999904632568,3.819999933242798,76.4800033569336,0.6549999713897705,,-0.01,3.536174430128836,2.174205967276221,1
2007-11-30,210.177,212.435,179.0,4.7,138290.0,1481.1400146484375,22.8700008392334,88.70999908447266,3.971999883651733,3.069999933242798,76.1500015258789,0.9019999504089355,,0.275,4.306203473945414,2.328998073217736,1
2007-12-31,210.036,212.356,178.6,5.0,138395.0,1468.3599853515625,22.5,95.9800033569336,4.034999847412109,3.140000104904175,76.69999694824219,0.8949997425079346,,0.549,4.081268582755193,2.4389773275446114,1
2008-01-31,211.08,213.138,181.0,5.0,138391.0,1378.550048828125,26.200000762939453,91.75,3.638999938964844,1.870000004768372,75.18000030517578,1.7689999341964722,,0.43,4.280294047901356,2.46575869313348,1
2008-02-29,211.693,213.866,182.7,4.9,138329.0,1330.6300048828125,26.540000915527344,101.83999633789062,3.5339999198913574,1.784999966621399,73.70999908447266,1.7489999532699585,,0.601,4.026555413048727,2.2734228547381496,1
2008-03-31,213.528,214.866,187.9,5.1,138259.0,1322.699951171875,25.61000061035156,101.58000183105467,3.431999921798706,1.274999976158142,71.80000305175781,2.156999945640564,,0.932,3.981456231251701,2.354672903874277,1
2008-04-30,214.823,215.059,190.9,5.0,138040.0,1385.5899658203125,20.790000915527344,113.45999908447266,3.759000062942505,1.340000033378601,72.51000213623047,2.419000029563904,,0.775,3.936889774827512,2.2576089695736323,1
2008-05-31,216.632,215.18,196.6,5.4,137851.0,1400.3800048828125,17.829999923706055,127.3499984741211,4.046000003814697,1.850000023841858,72.87999725341797,2.19599997997284,,0.514,4.17554304180352,2.312710397687301,1
2008-06-30,218.815,215.553,200.5,5.6,137700.0,1280.0,23.950000762939453,140.0,3.9790000915527344,1.7050000429153442,72.45999908447266,2.27400004863739,,0.632,5.0217900476117405,2.413124661478383,1
2008-07-31,219.964,216.045,205.5,5.8,137497.0,1267.3800048828125,22.940000534057617,124.08000183105467,3.9790000915527344,1.6349999904632568,73.2300033569336,2.344000101089477,,0.739,5.6001229002539565,2.509537095029324,1
2008-08-31,219.086,216.476,199.0,6.1,137211.0,1282.8299560546875,20.649999618530277,115.45999908447266,3.812999963760376,1.690000057220459,77.37999725341797,2.122999906539917,,0.721,5.371855115262347,2.541317127009024,1
2008-09-30,218.783,216.862,196.9,6.1,136760.0,1166.3599853515625,39.38999938964844,100.63999938964844,3.82699990272522,0.8999999761581421,79.44999694824219,2.9269999265670776,,1.386,4.936927430572191,2.4732077040845235,1
2008-10-31,216.573,217.023,186.4,6.5,136291.0,968.75,59.88999938964844,67.80999755859375,3.9700000286102295,0.4350000023841858,85.62999725341797,3.535000026226044,,2.474,3.655186277137501,2.216015599242649,1
2008-11-30,212.425,216.69,176.8,6.8,135541.0,896.239990234375,55.27999877929688,54.43000030517578,2.9570000171661377,0.0199999995529651,86.5199966430664,2.9370000176131725,,2.983,1.0695746918073956,2.002965613011032,1
2008-12-31,210.228,216.1,170.9,7.3,134847.0,903.25,40.0,44.59999847412109,2.24399995803833,0.1150000020861625,81.30999755859375,2.1289999559521675,,2.904,0.0914129006456043,1.763077096950405,1
2009-01-31,211.143,216.719,171.2,7.8,134079.0,825.8800048828125,44.84000015258789,41.68000030517578,2.844000101089477,0.2199999988079071,86.0,2.6240001022815704,,2.311,0.0298465036952855,1.6801321209732656,1
2009-02-28,212.193,217.685,169.3,8.3,133318.0,735.0900268554688,46.34999847412109,44.7599983215332,3.0409998893737797,0.25,88.01000213623047,2.7909998893737797,,2.112,0.2361910880378737,1.7856975863391078,1
2009-03-31,212.709,218.639,168.1,8.7,132494.0,797.8699951171875,44.13999938964844,49.65999984741211,2.684999942779541,0.2000000029802322,85.43000030517578,2.4849999397993088,,2.046,-0.3835562549173832,1.7559781445179778,1
2009-04-30,213.24,219.143,169.1,9.0,131822.0,872.8099975585938,36.5,51.119998931884766,3.124000072479248,0.125,84.61000061035156,2.999000072479248,,1.587,-0.7368857152167174,1.899013759014978,1
2009-05-31,213.856,219.128,170.8,9.4,131466.0,919.1400146484376,28.920000076293945,66.30999755859375,3.4649999141693115,0.1299999952316284,80.43000030517578,3.334999918937683,,1.037,-1.2814357989586078,1.8347430058555547,1
2009-06-30,215.693,219.283,174.1,9.5,131008.0,919.3200073242188,26.350000381469727,69.88999938964844,3.5230000019073486,0.1800000071525573,80.12999725341797,3.3429999947547917,,0.776,-1.4267760436898702,1.7304328865754617,1
2009-07-31,215.351,219.35,172.5,9.5,130662.0,987.47998046875,25.920000076293945,69.44999694824219,3.500999927520752,0.1749999970197677,78.3499984741211,3.325999930500984,,0.552,-2.097161353676058,1.5297738896989044,1
2009-08-31,215.834,219.596,175.0,9.6,130472.0,1020.6199951171876,26.01000022888184,69.95999908447266,3.401000022888184,0.1299999952316284,78.16999816894531,3.271000027656555,,0.291,-1.4843486119606064,1.4412683161181938,1
2009-09-30,215.969,220.137,174.1,9.8,130246.0,1057.0799560546875,25.61000061035156,70.61000061035156,3.306999921798706,0.1150000020861625,76.6500015258789,3.1919999197125435,,0.151,-1.2862059666427397,1.5101769789082509,1
2009-10-31,216.177,220.731,175.2,10.0,130061.0,1036.18994140625,30.690000534057617,77.0,3.3919999599456787,0.0450000017881393,76.30000305175781,3.34699995815754,,0.048,-0.1828482774861251,1.7085746672011792,1
2009-11-30,216.33,220.384,177.4,9.9,130057.0,1095.6300048828125,24.51000022888184,77.27999877929688,3.200999975204468,0.050000000745058,74.87999725341797,3.1509999744594097,,-0.006,1.8382958691302909,1.704739489593421,1
2009-12-31,215.949,220.025,178.1,9.9,129808.0,1115.0999755859375,21.68000030517578,79.36000061035156,3.8429999351501465,0.050000000745058,77.86000061035156,3.792999934405088,,-0.101,2.721331126205828,1.8162887552059197,1
2010-01-31,216.687,220.086,181.9,9.8,129802.0,1073.8699951171875,24.6200008392334,72.88999938964844,3.608999967575073,0.0700000002980232,79.45999908447266,3.53899996727705,,-0.193,2.6257086429576137,1.5536247398705294,1
2010-02-28,216.741,220.602,181.0,9.8,129706.0,1104.489990234375,19.5,79.66000366210938,3.595000028610229,0.1150000020861625,80.36000061035156,3.480000026524067,,-0.212,2.143331778145363,1.3400096469669442,1
2010-03-31,217.631,221.059,183.3,9.9,129866.0,1169.4300537109375,17.59000015258789,83.76000213623047,3.8329999446868896,0.1500000059604644,81.06999969482422,3.682999938726425,,-0.35,2.3139594469439477,1.106847360260521,1
2010-04-30,218.009,221.166,184.4,9.9,130120.0,1186.68994140625,22.049999237060547,86.1500015258789,3.663000106811523,0.1550000011920929,81.87000274658203,3.5080001056194305,,-0.419,2.236447195648084,0.923141510337988,1
2010-05-31,218.178,221.193,184.8,9.6,130642.0,1089.4100341796875,32.06999969482422,73.97000122070312,3.3010001182556152,0.1500000059604644,86.4800033569336,3.1510001122951508,,-0.165,2.0209860840939786,0.9423715819064872,1
2010-06-30,217.965,221.265,183.5,9.4,130510.0,1030.7099609375,34.540000915527344,75.62999725341797,2.950999975204468,0.1700000017881393,86.0199966430664,2.7809999734163284,,-0.044,1.053348972845658,0.9038548359882048,1
2010-07-31,218.011,221.258,184.1,9.4,130415.0,1101.5999755859375,23.5,78.94999694824219,2.907000064849853,0.1400000005960464,81.54000091552734,2.767000064253807,,-0.18,1.2351927783014638,0.8698427171187628,1
2010-08-31,218.312,221.551,184.9,9.5,130415.0,1049.3299560546875,26.049999237060547,71.91999816894531,2.476999998092652,0.135000005364418,83.19999694824219,2.3419999927282333,,-0.263,1.1481045618392027,0.8902712253410661,1
2010-09-30,218.439,221.907,184.9,9.5,130341.0,1141.199951171875,23.700000762939453,79.97000122070312,2.5169999599456787,0.1550000011920929,78.72000122070312,2.361999958753586,,-0.3,1.143682658159273,0.804044753948685,1
2010-10-31,218.711,222.079,186.6,9.4,130620.0,1183.260009765625,21.200000762939453,81.43000030517578,2.611999988555908,0.1099999994039535,77.2699966430664,2.5019999891519547,,-0.395,1.1721876055269531,0.6106980895298042,1
2010-11-30,218.803,222.077,187.7,9.8,130749.0,1180.550048828125,23.540000915527344,84.11000061035156,2.796999931335449,0.1599999964237213,81.19999694824219,2.636999934911728,,-0.443,1.1431609115702734,0.7682045883548705,1
2010-12-31,219.179,221.795,189.7,9.3,130830.0,1257.6400146484375,17.75,91.37999725341795,3.305000066757202,0.1150000020861625,79.02999877929688,3.19000006467104,,-0.483,1.4957235273143077,0.8044540393137067,1
2011-01-31,220.223,222.177,192.7,9.1,130837.0,1286.1199951171875,19.530000686645508,92.19000244140624,3.378000020980835,0.1449999958276748,77.73999786376953,3.23300002515316,,-0.569,1.631846857448771,0.9500831493143512,1
2011-02-28,221.309,223.011,195.8,9.0,131057.0,1327.219970703125,18.350000381469727,96.97000122070312,3.4140000343322754,0.135000005364418,76.88999938964844,3.2790000289678574,,-0.587,2.1075846286581656,1.092011858460018,1
2011-03-31,223.467,223.69,199.2,9.0,131283.0,1325.8299560546875,17.739999771118164,106.72000122070312,3.4539999961853027,0.0900000035762786,75.86000061035156,3.363999992609024,,-0.548,2.6816032642408505,1.1901799971953286,1
2011-04-30,224.906,224.118,203.1,9.1,131597.0,1363.6099853515625,14.75,113.93000030517578,3.2960000038146973,0.0399999991059303,72.93000030517578,3.256000004708767,,-0.581,3.1636308592764677,1.3347440384145814,1
2011-05-31,225.964,224.534,204.1,9.0,131703.0,1345.199951171875,15.449999809265137,102.6999969482422,3.049999952316284,0.0399999991059303,74.63999938964844,3.009999953210354,,-0.578,3.568645784634561,1.5104456289303902,1
2011-06-30,225.722,224.891,203.9,9.1,131931.0,1320.6400146484375,16.520000457763672,95.41999816894533,3.157999992370605,0.0149999996647238,74.30000305175781,3.1429999927058816,,-0.531,3.558828252242341,1.6387589541952077,1
2011-07-31,225.922,225.164,204.6,9.0,131992.0,1292.280029296875,25.25,95.6999969482422,2.805000066757202,0.0900000035762786,73.9000015258789,2.7150000631809235,,-0.463,3.628715982221076,1.7653598965913009,1
2011-08-31,226.545,225.874,203.2,9.0,132125.0,1218.8900146484375,31.6200008392334,88.80999755859375,2.2179999351501465,0.0149999996647238,74.12999725341797,2.2029999354854226,,-0.23,3.771208179119778,1.9512437316915765,1
2011-09-30,226.889,226.289,203.7,9.0,132344.0,1131.4200439453125,42.959999084472656,79.19999694824219,1.924000024795532,0.0099999997764825,78.55000305175781,1.9140000250190496,,-0.055,3.868356841040299,1.9747011135295311,1
2011-10-31,226.421,226.743,201.1,8.8,132553.0,1253.300048828125,29.959999084472656,93.19000244140624,2.174999952316284,0.0049999998882412,76.16999816894531,2.169999952428043,,-0.078,3.5251999213574026,2.100153548962292,1
2011-11-30,226.23,226.859,201.4,8.6,132690.0,1246.9599609375,27.799999237060547,100.36000061035156,2.068000078201294,0.0149999996647238,78.38999938964844,2.05300007853657,,-0.09,3.3943775908008567,2.1533071862462227,1
2011-12-31,225.672,226.74,199.8,8.5,132888.0,1257.5999755859375,23.399999618530277,98.83000183105467,1.871000051498413,0.0049999998882412,80.16999816894531,1.866000051610172,,-0.1,2.9624188448710957,2.2295362835050403,1
2012-01-31,226.665,227.237,200.7,8.3,133246.0,1312.4100341796875,19.440000534057617,98.4800033569336,1.7990000247955322,0.0549999997019767,79.27999877929688,1.7440000250935557,,-0.258,2.9252167121508466,2.277463463814877,1
2012-02-29,227.663,227.865,201.6,8.3,133509.0,1365.6800537109375,18.43000030517578,107.06999969482422,1.9769999980926516,0.0750000029802322,78.7300033569336,1.9019999951124191,,-0.384,2.871098780438208,2.1765742497007023,1
2012-03-31,229.392,228.735,204.2,8.2,133748.0,1408.469970703125,15.5,103.0199966430664,2.2160000801086426,0.0649999976158142,78.93000030517578,2.1510000824928284,,-0.43,2.651398193021781,2.2553533908534096,1
2012-04-30,230.085,229.303,203.7,8.2,133825.0,1397.9100341796875,17.149999618530273,104.87000274658205,1.9149999618530276,0.0900000035762786,78.79000091552734,1.8249999582767489,,-0.405,2.302739811298937,2.313513417039248,1
2012-05-31,229.815,229.602,201.9,8.2,133932.0,1310.3299560546875,24.059999465942383,86.52999877929688,1.5809999704360962,0.0599999986588954,83.04000091552734,1.5209999717772007,,-0.306,1.704253774937592,2.257119189076051,1
2012-06-30,229.478,229.879,199.8,8.2,134013.0,1362.1600341796875,17.079999923706055,84.95999908447266,1.659000039100647,0.0799999982118606,81.6500015258789,1.5790000408887863,,-0.25,1.6639937622385137,2.21796336892095,1
2012-07-31,229.104,229.893,200.1,8.2,134157.0,1379.3199462890625,18.93000030517578,88.05999755859375,1.4919999837875366,0.1000000014901161,82.63999938964844,1.3919999822974205,,-0.333,1.4084507042253502,2.10024693112576,1
2012-08-31,230.379,230.196,202.7,8.1,134339.0,1406.5799560546875,17.469999313354492,96.47000122070312,1.562000036239624,0.0850000008940696,81.25,1.4770000353455544,,-0.426,1.692378997550148,1.9134561746814605,1
2012-09-30,231.407,230.78,204.4,7.8,134517.0,1440.6700439453125,15.729999542236328,92.19000244140624,1.6369999647140503,0.0900000035762786,79.94000244140625,1.5469999611377716,,-0.506,1.9912820806649911,1.9846302736765908,1
2012-10-31,231.317,231.276,203.5,7.8,134669.0,1412.1600341796875,18.600000381469727,86.23999786376953,1.6859999895095823,0.1049999967217445,79.91999816894531,1.580999992787838,,-0.546,2.1623435988711304,1.9991796880168389,1
2012-11-30,230.221,231.263,201.8,7.7,134825.0,1416.1800537109375,15.869999885559082,88.91000366210938,1.6059999465942385,0.0750000029802322,80.1500015258789,1.530999943614006,,-0.55,1.764133846085847,1.9412939314728428,1
2012-12-31,229.601,231.033,201.5,7.9,135074.0,1426.18994140625,18.020000457763672,91.81999969482422,1.75600004196167,0.0350000001490116,79.7699966430664,1.7210000418126583,,-0.582,1.741022368747558,1.8933580312251896,1
2013-01-31,230.28,231.612,202.5,8.0,135257.0,1498.1099853515625,14.279999732971191,97.48999786376952,1.9850000143051147,0.0649999976158142,79.20999908447266,1.9200000166893003,,-0.63,1.5948646681225531,1.9253026575777763,1
2013-02-28,232.166,232.432,204.3,7.7,135546.0,1514.6800537109375,15.510000228881836,92.0500030517578,1.888000011444092,0.1000000014901161,81.9800033569336,1.7880000099539757,,-0.649,1.9779235097490575,2.004256906501656,1
2013-03-31,232.773,233.052,204.0,7.5,135689.0,1569.18994140625,12.699999809265137,97.2300033569336,1.8519999980926516,0.0649999976158142,82.98999786376953,1.7870000004768372,,-0.657,1.4738962125967705,1.8873368745491392,1
2013-04-30,232.531,233.236,203.5,7.6,135873.0,1597.5699462890625,13.520000457763672,93.45999908447266,1.6749999523162842,0.0450000017881393,81.7300033569336,1.6299999505281448,,-0.687,1.063085381489448,1.7151977950571995,1
2013-05-31,232.945,233.462,204.1,7.5,136096.0,1630.739990234375,16.299999237060547,91.97000122070312,2.1640000343322754,0.0299999993294477,83.37999725341797,2.134000035002828,,-0.709,1.3619650588516885,1.6811700246513572,1
2013-06-30,233.504,233.64,204.3,7.5,136279.0,1606.280029296875,16.860000610351562,96.55999755859376,2.4779999256134038,0.0299999993294477,83.16999816894531,2.447999926283956,,-0.648,1.7544165453768912,1.6360781106582234,1
2013-07-31,233.596,233.792,204.4,7.3,136391.0,1685.72998046875,13.449999809265137,105.02999877929688,2.5929999351501465,0.0299999993294477,81.44999694824219,2.5629999358206987,,-0.645,1.9606816118443948,1.696006402978778,1
2013-08-31,233.877,234.258,204.2,7.2,136646.0,1632.969970703125,17.010000228881836,107.6500015258789,2.749000072479248,0.0199999995529651,82.08999633789062,2.729000072926283,,-0.67,1.518367559543199,1.7645832247302318,1
2013-09-30,234.149,234.782,203.9,7.2,136821.0,1681.550048828125,16.600000381469727,102.33000183105467,2.615000009536743,0.0049999998882412,80.22000122070312,2.610000009648502,,-0.669,1.184925261552161,1.7341190744432078,1
2013-10-31,233.546,235.162,202.5,7.2,137041.0,1756.5400390625,13.75,96.37999725341795,2.5420000553131104,0.032999999821186,80.19999694824219,2.5090000554919243,,-0.706,0.9636127046434018,1.6802435185665487,1
2013-11-30,233.069,235.243,201.2,6.9,137317.0,1805.81005859375,13.699999809265137,92.72000122070312,2.740999937057495,0.0549999997019767,80.68000030517578,2.6859999373555183,,-0.756,1.2370722045339066,1.720984333853659,1
2013-12-31,233.049,235.0,202.0,6.7,137372.0,1848.3599853515625,13.720000267028809,98.41999816894533,3.026000022888184,0.0630000010132789,80.04000091552734,2.9630000218749046,,-0.777,1.501735619618394,1.7170707214986702,1
2014-01-31,233.916,235.367,203.8,6.6,137561.0,1782.5899658203125,18.40999984741211,97.48999786376952,2.6679999828338623,0.0099999997764825,81.2699966430664,2.65799998305738,,-0.77,1.5789473684210575,1.621245876724875,1
2014-02-28,234.781,236.075,205.7,6.7,137712.0,1859.449951171875,14.0,102.58999633789062,2.657999992370605,0.0430000014603138,79.77999877929688,2.614999990910292,,-0.77,1.1263492501055294,1.5673401252839447,1
2014-03-31,236.293,236.913,207.0,6.7,137985.0,1872.3399658203125,13.880000114440918,101.58000183105467,2.7230000495910645,0.0280000008642673,80.0999984741211,2.695000048726797,,-0.779,1.51220287576308,1.6567118068070652,1
2014-04-30,237.072,237.509,208.3,6.2,138298.0,1883.949951171875,13.40999984741211,99.73999786376952,2.6480000019073486,0.0199999995529651,79.48999786376953,2.6280000023543835,,-0.771,1.9528578985167575,1.8320499408324584,1
2014-05-31,237.9,238.029,208.0,6.3,138513.0,1923.5699462890625,11.399999618530272,102.70999908447266,2.4570000171661377,0.0299999993294477,80.37000274658203,2.42700001783669,,-0.779,2.1271115499366777,1.9562070058510628,1
2014-06-30,238.343,238.157,208.3,6.1,138849.0,1960.22998046875,11.56999969482422,105.37000274658205,2.5160000324249268,0.0199999995529651,79.77999877929688,2.4960000328719616,,-0.79,2.0723413731670526,1.933316212977232,1
2014-07-31,238.25,238.138,208.0,6.2,139072.0,1930.6700439453125,16.950000762939453,98.16999816894533,2.555999994277954,0.0179999992251396,81.45999908447266,2.5379999950528145,,-0.756,1.9923286357643064,1.8589173282233864,1
2014-08-31,237.852,238.296,207.0,6.1,139269.0,2003.3699951171875,12.09000015258789,95.95999908447266,2.3429999351501465,0.0179999992251396,82.75,2.324999935925007,,-0.726,1.6996113341628316,1.723740491253234,1
2014-09-30,238.031,238.841,206.4,5.9,139563.0,1972.2900390625,16.309999465942383,91.16000366210938,2.507999897003174,0.0130000002682209,85.94000244140625,2.494999896734953,,-0.697,1.657918675715031,1.7288378155054571,1
2014-10-31,237.433,239.413,203.4,5.7,139798.0,2018.050048828125,14.029999732971191,80.54000091552734,2.3350000381469727,0.003000000026077,86.87999725341797,2.332000038120896,,-0.645,1.664340215632043,1.807690017945074,1
2014-11-30,236.151,239.248,200.9,5.8,140089.0,2067.56005859375,13.329999923706056,66.1500015258789,2.194000005722046,0.0049999998882412,88.36000061035156,2.1890000058338046,,-0.653,1.3223551823708934,1.7024948670098627,1
2014-12-31,234.812,238.775,197.0,5.6,140364.0,2058.89990234375,19.200000762939453,53.27000045776367,2.1700000762939453,0.0370000004768371,90.2699966430664,2.133000075817108,,-0.605,0.7564932696557447,1.6063829787233974,1
2015-01-31,233.707,239.248,192.0,5.7,140568.0,1994.989990234375,20.96999931335449,48.2400016784668,1.6749999523162842,0.0049999998882412,94.8000030517578,1.6699999524280429,,-0.523,-0.0893483130696481,1.6489142488114394,1
2015-02-28,234.722,240.083,191.1,5.5,140827.0,2104.5,13.34000015258789,49.7599983215332,2.002000093460083,0.0080000003799796,95.25,1.9940000930801036,,-0.515,-0.0251298018153045,1.697765540612095,1
2015-03-31,236.119,241.067,191.5,5.4,140923.0,2067.889892578125,15.289999961853027,47.59999847412109,1.934000015258789,0.025000000372529,98.36000061035156,1.90900001488626,,-0.535,-0.0736373908664322,1.7533862641560427,1
2015-04-30,236.599,241.802,190.9,5.4,141196.0,2085.510009765625,14.550000190734863,59.630001068115234,2.0460000038146973,0.0049999998882412,94.5999984741211,2.041000003926456,,-0.543,-0.1995174461766891,1.8075104522355057,1
2015-05-31,237.805,242.119,193.4,5.6,141538.0,2107.389892578125,13.84000015258789,60.29999923706055,2.095000028610229,0.003000000026077,96.91000366210938,2.0920000285841525,,-0.546,-0.0399327448507791,1.7182780249465512,1
2015-06-30,238.638,242.354,194.8,5.3,141709.0,2063.110107421875,18.229999542236328,59.470001220703125,2.3350000381469727,0.0099999997764825,95.48999786376952,2.32500003837049,,-0.543,0.1237712036854521,1.7622828638251151,1
2015-07-31,238.654,242.436,193.9,5.2,141991.0,2103.840087890625,12.119999885559082,47.119998931884766,2.2049999237060547,0.0579999983310699,97.37000274658205,2.1469999253749847,,-0.52,0.1695697796432194,1.8048358514810792,1
2015-08-31,238.316,242.651,191.9,5.1,142125.0,1972.1800537109373,28.43000030517578,49.20000076293945,2.200000047683716,0.003000000026077,95.9499969482422,2.197000047657639,,-0.449,0.1950792930057288,1.827559002249313,1
2015-09-30,237.945,243.359,189.1,5.0,142275.0,1920.030029296875,24.5,45.09000015258789,2.059999942779541,0.0049999998882412,96.3499984741211,2.0549999428913,,-0.401,-0.0361297478059685,1.8916350207878847,1
2015-10-31,237.838,243.985,187.5,5.0,142579.0,2079.360107421875,15.06999969482422,46.59000015258789,2.151000022888184,0.0680000036954879,96.9499969482422,2.083000019192696,,-0.442,0.1705744357355598,1.9096707363426504,1
2015-11-30,237.336,244.075,185.7,5.1,142808.0,2080.409912109375,16.1299991607666,41.650001525878906,2.2179999351501465,0.1700000017881393,100.16999816894533,2.047999933362007,,-0.459,0.5017975786678841,2.0175717247375102,1
2015-12-31,236.525,243.779,183.5,5.0,143077.0,2043.93994140625,18.209999084472656,37.040000915527344,2.2690000534057617,0.1480000019073486,98.62999725341795,2.121000051498413,,-0.393,0.7295197860415881,2.0956967856768927,1
2016-01-31,236.916,244.528,182.6,4.8,143210.0,1940.239990234375,20.200000762939453,33.619998931884766,1.930999994277954,0.3000000119209289,99.61000061035156,1.6309999823570251,,-0.318,1.3730868138309926,2.2069150003343863,1
2016-02-29,237.111,245.68,181.3,4.9,143406.0,1932.22998046875,20.549999237060547,33.75,1.7400000095367432,0.3079999983310699,98.20999908447266,1.4320000112056732,,-0.302,1.0177997801654737,2.3312771000029158,1
2016-03-31,238.132,246.358,182.1,5.0,143662.0,2059.739990234375,13.949999809265137,38.34000015258789,1.7860000133514404,0.1930000036954879,94.58999633789062,1.5930000096559525,,-0.352,0.8525362211427412,2.19482550494261,1
2016-04-30,239.261,246.992,183.2,5.1,143854.0,2065.300048828125,15.699999809265137,45.91999816894531,1.819000005722046,0.1930000036954879,93.08000183105467,1.626000002026558,,-0.382,1.125110418894426,2.1463842317267945,1
2016-05-31,240.229,247.544,185.3,4.8,143900.0,2096.949951171875,14.1899995803833,49.09999847412109,1.8339999914169312,0.2829999923706054,95.88999938964844,1.5509999990463257,,-0.379,1.019322554193569,2.240633737955311,1
2016-06-30,241.018,247.794,187.6,4.9,144147.0,2098.860107421875,15.630000114440918,48.33000183105469,1.4880000352859497,0.2479999959468841,96.13999938964844,1.2400000393390656,,-0.357,0.9973264945230876,2.2446503874497648,1
2016-07-31,240.628,247.744,187.7,4.8,144520.0,2173.60009765625,11.869999885559082,41.59999847412109,1.4579999446868896,0.2399999946355819,95.52999877929688,1.2179999500513077,,-0.35,0.8271388704987004,2.1894438119751225,1
2016-08-31,240.849,248.278,186.6,4.9,144661.0,2170.949951171875,13.420000076293944,44.70000076293945,1.5679999589920044,0.3199999928474426,96.0199966430664,1.2479999661445618,,-0.358,1.0628745027610351,2.3189683949375706,1
2016-09-30,241.428,248.731,186.9,5.0,144967.0,2168.27001953125,13.289999961853027,48.2400016784668,1.6080000400543213,0.2599999904632568,95.45999908447266,1.3480000495910645,,-0.339,1.4637836474815646,2.2074383934845176,1
2016-10-31,241.729,249.218,186.7,4.9,145065.0,2126.14990234375,17.059999465942383,46.86000061035156,1.8339999914169312,0.2949999868869781,98.4499969482422,1.539000004529953,,-0.361,1.6359875209176034,2.144803983851462,1
2016-11-30,241.353,249.227,186.3,4.7,145183.0,2198.81005859375,13.329999923706056,49.43999862670898,2.368000030517578,0.4679999947547912,101.5,1.9000000357627869,,-0.41,1.6925371625037933,2.1108265901874423,1
2016-12-31,241.432,249.134,188.2,4.7,145408.0,2238.830078125,14.039999961853027,53.720001220703125,2.446000099182129,0.4799999892711639,102.38999938964844,1.966000109910965,,-0.453,2.074622132966919,2.196661730501792,1
2017-01-31,242.839,250.083,190.7,4.7,145628.0,2278.8701171875,11.989999771118164,52.810001373291016,2.450999975204468,0.5,99.51000213623048,1.950999975204468,,-0.48,2.5000422090529995,2.271723483609245,1
2017-02-28,243.603,251.143,191.6,4.6,145846.0,2363.639892578125,12.920000076293944,54.0099983215332,2.3580000400543213,0.5230000019073486,101.12000274658205,1.8350000381469729,,-0.489,2.737958171489318,2.223624226636267,1
2017-03-31,243.801,251.29,191.5,4.4,145970.0,2362.719970703125,12.369999885559082,50.59999847412109,2.3959999084472656,0.7379999756813049,100.3499984741211,1.6579999327659607,,-0.481,2.3806124334402767,2.001964620592789,1
2017-04-30,244.524,251.642,193.0,4.4,146175.0,2384.199951171875,10.81999969482422,49.33000183105469,2.282000064849853,0.7799999713897705,99.0500030517578,1.502000093460083,,-0.494,2.199689878417299,1.8826520697026616,1
2017-05-31,244.733,251.835,192.8,4.4,146380.0,2411.800048828125,10.40999984741211,48.31999969482422,2.196000099182129,0.949999988079071,96.91999816894533,1.246000111103058,,-0.531,1.8748777208413612,1.7334292085447345,1
2017-06-30,244.955,252.014,193.6,4.3,146583.0,2423.409912109375,11.18000030517578,46.040000915527344,2.302000045776367,0.9929999709129332,95.66000366210938,1.3090000748634338,,-0.561,1.633487955256463,1.7030275147905003,1
2017-07-31,244.786,251.936,193.5,4.3,146772.0,2470.300048828125,10.260000228881836,50.16999816894531,2.2920000553131104,1.0529999732971191,92.86000061035156,1.2390000820159912,,-0.575,1.727978456372492,1.692069232756399,1
2017-08-31,245.519,252.46,193.8,4.4,146919.0,2471.64990234375,10.59000015258789,47.22999954223633,2.121000051498413,0.977999985218048,92.66999816894533,1.143000066280365,,-0.566,1.9389742120581757,1.684402162092491,1
2017-09-30,246.819,252.941,194.8,4.3,147008.0,2519.360107421875,9.510000228881836,51.66999816894531,2.325999975204468,1.027999997138977,93.08000183105467,1.2979999780654907,,-0.561,2.2329638650032235,1.6925915949358885,1
2017-10-31,246.663,253.638,194.9,4.2,147149.0,2575.260009765625,10.18000030517578,54.380001068115234,2.375999927520752,1.1230000257492063,94.5500030517578,1.2529999017715454,,-0.586,2.041128701976169,1.7735476570713171,1
2017-11-30,246.669,253.492,195.9,4.2,147372.0,2647.580078125,11.279999732971191,57.400001525878906,2.4170000553131104,1.2380000352859497,93.01000213623048,1.1790000200271606,,-0.602,2.202582938683184,1.711291312738994,1
2017-12-31,246.524,253.558,196.3,4.1,147523.0,2673.610107421875,11.039999961853027,60.41999816894531,2.4049999713897705,1.3550000190734863,92.12000274658205,1.0499999523162842,,-0.61,2.1090824745684245,1.7757512021643107,1
2018-01-31,247.867,254.638,197.9,4.0,147660.0,2823.81005859375,13.539999961853027,64.7300033569336,2.720000028610229,1.4299999475479126,89.12999725341797,1.290000081062317,,-0.616,2.070507620275164,1.8213952967614853,1
2018-02-28,248.991,255.783,199.3,4.1,148054.0,2713.830078125,19.850000381469727,61.63999938964844,2.868000030517578,1.618000030517578,90.61000061035156,1.25,,-0.568,2.2117954212386604,1.847552987740042,1
2018-03-31,249.554,256.61,199.3,4.0,148280.0,2640.8701171875,19.96999931335449,64.94000244140625,2.740999937057495,1.6699999570846558,90.1500015258789,1.0709999799728394,,-0.51,2.3597114039729084,2.117075888415787,1
2018-04-30,250.546,257.025,200.3,4.0,148420.0,2648.050048828125,15.93000030517578,68.56999969482422,2.936000108718872,1.7630000114440918,91.83999633789062,1.1730000972747805,,-0.519,2.462743943334811,2.139150062390205,1
2018-05-31,251.588,257.469,203.2,3.8,148742.0,2705.27001953125,15.43000030517578,67.04000091552734,2.822000026702881,1.870000004768372,93.98999786376952,0.9520000219345092,,-0.56,2.8010117148075557,2.2371791053666046,1
2018-06-30,251.989,257.697,204.2,4.0,148960.0,2718.3701171875,16.09000015258789,74.1500015258789,2.8489999771118164,1.8799999952316284,94.62999725341795,0.968999981880188,,-0.548,2.87154783531669,2.255033450522581,1
2018-07-31,252.006,257.867,204.3,3.8,149020.0,2816.2900390625,12.829999923706056,68.76000213623047,2.96399998664856,1.9850000143051147,94.48999786376952,0.9789999723434448,,-0.55,2.9495150866471143,2.3541693128413588,1
2018-08-31,252.146,258.012,203.4,3.8,149277.0,2901.52001953125,12.859999656677246,69.80000305175781,2.8529999256134038,2.055000066757202,95.13999938964844,0.7979998588562012,,-0.586,2.699180104187437,2.199160263011968,1
2018-09-30,252.439,258.429,203.6,3.7,149358.0,2913.97998046875,12.119999885559082,73.25,3.055999994277954,2.150000095367432,95.19000244140624,0.9059998989105223,,-0.597,2.2769721941990007,2.169675932332038,1
2018-10-31,252.885,259.063,204.6,3.8,149527.0,2711.739990234375,21.229999542236328,65.30999755859375,3.1589999198913574,2.2780001163482666,97.12999725341795,0.8809998035430908,,-0.57,2.5224699286070296,2.1388750896947477,1
2018-11-30,252.038,259.105,202.3,3.8,149617.0,2760.169921875,18.06999969482422,50.93000030517578,3.013000011444092,2.308000087738037,97.2699966430664,0.7049999237060547,,-0.5,2.176601032152403,2.2142710618086703,1
2018-12-31,251.233,259.083,201.0,3.9,149809.0,2506.85009765625,25.420000076293945,45.40999984741211,2.686000108718872,2.299999952316284,96.16999816894533,0.3860001564025879,,-0.43,1.9101588486313716,2.1789886337642894,1
2019-01-31,251.712,260.122,199.1,4.0,150060.0,2704.10009765625,16.56999969482422,53.790000915527344,2.634999990463257,2.3399999141693115,95.58000183105467,0.2950000762939453,,-0.471,1.5512351381991252,2.1536455674329824,1
2019-02-28,252.776,261.114,199.2,3.8,150067.0,2784.489990234375,14.779999732971191,57.220001220703125,2.7109999656677246,2.382999897003174,96.16000366210938,0.3280000686645508,,-0.557,1.520135265933309,2.0841885504509605,1
2019-03-31,254.202,261.836,200.8,3.8,150295.0,2834.39990234375,13.710000038146973,60.13999938964844,2.4140000343322754,2.328000068664551,97.27999877929688,0.0859999656677246,,-0.599,1.8625227405691724,2.036553524804185,1
2019-04-30,255.548,262.332,202.1,3.7,150591.0,2945.830078125,13.119999885559082,63.90999984741211,2.509000062942505,2.368000030517578,97.4800033569336,0.1410000324249267,,-0.613,1.9964397755302563,2.064779690691565,1
2019-05-31,256.092,262.59,201.7,3.6,150618.0,2752.06005859375,18.709999084472656,53.5,2.1419999599456787,2.2929999828338623,97.75,-0.1510000228881836,,-0.596,1.7902284687663972,1.9889773137736988,1
2019-06-30,256.143,263.177,200.3,3.6,150838.0,2941.760009765625,15.079999923706056,58.470001220703125,2.0,2.0350000858306885,96.12999725341795,-0.0350000858306884,,-0.574,1.6484846560762545,2.126528442317932,1
2019-07-31,256.571,263.566,200.7,3.7,150937.0,2980.3798828125,16.1200008392334,58.58000183105469,2.0209999084472656,2.0299999713897705,98.5199966430664,-0.0090000629425048,,-0.58,1.8114648063935144,2.21005402009562,1
2019-08-31,256.558,264.169,199.2,3.6,151169.0,2926.4599609375,18.979999542236328,55.09999847412109,1.50600004196167,1.932999968528748,98.91999816894533,-0.4269999265670776,,-0.548,1.7497798894291483,2.386323116754263,1
2019-09-30,256.759,264.522,198.4,3.5,151365.0,2976.739990234375,16.239999771118164,54.06999969482422,1.6749999523162842,1.7699999809265137,99.37999725341795,-0.0950000286102294,,-0.514,1.7113045131695204,2.357707532823339,1
2019-10-31,257.346,265.059,198.6,3.6,151460.0,3037.56005859375,13.220000267028809,54.18000030517578,1.690999984741211,1.4980000257492063,97.3499984741211,0.1929999589920044,,-0.531,1.7640429444213843,2.314494929804733,1
2019-11-30,257.208,265.108,199.0,3.6,151667.0,3140.97998046875,12.619999885559082,55.16999816894531,1.7760000228881836,1.5399999618530271,98.2699966430664,0.2360000610351562,,-0.571,2.05127798189162,2.316821365855537,1
2019-12-31,256.974,264.935,199.0,3.6,151794.0,3230.780029296875,13.779999732971191,61.060001373291016,1.919000029563904,1.5049999952316284,96.38999938964844,0.4140000343322754,,-0.554,2.2851297401217163,2.258735617543395,1
2020-01-31,257.971,266.004,199.3,3.6,152031.0,3225.52001953125,18.84000015258789,51.560001373291016,1.5199999809265137,1.5099999904632568,97.38999938964844,0.0099999904632568,,-0.601,2.4865719552504606,2.261246645804671,1
2020-02-29,258.678,267.268,196.7,3.5,152293.0,2954.219970703125,40.11000061035156,44.7599983215332,1.1269999742507937,1.2300000190734863,98.12999725341795,-0.1030000448226928,,-0.466,2.334873563945949,2.356824988319284,1
2020-03-31,258.115,267.312,193.1,4.4,150895.0,2584.590087890625,53.540000915527344,20.479999542236328,0.6980000138282776,0.0299999993294477,99.0500030517578,0.6680000144988298,,0.086,1.5393269919198094,2.0913854473792792,1
2020-04-30,256.389,266.089,185.5,14.8,130426.0,2912.429931640625,34.150001525878906,18.84000015258789,0.621999979019165,0.0900000035762786,99.0199966430664,0.5319999754428864,,0.25,0.3290966863368272,1.4321546742296132,1
2020-05-31,256.394,265.799,188.6,13.2,133040.0,3044.31005859375,27.51000022888184,35.4900016784668,0.6480000019073486,0.1280000060796737,98.33999633789062,0.5199999958276749,,-0.115,0.117926370210708,1.2220571994363771,1
2020-06-30,257.797,266.302,191.2,11.0,137671.0,3100.2900390625,30.43000030517578,39.27000045776367,0.652999997138977,0.135000005364418,97.38999938964844,0.517999991774559,,-0.354,0.6457330475554857,1.1874137937585738,1
2020-07-31,259.101,267.703,193.0,10.2,139255.0,3271.1201171875,24.459999084472656,40.27000045776367,0.5360000133514404,0.0829999968409538,93.48999786376952,0.4530000165104866,,-0.44,0.9860818253037084,1.5696258242717145,1
2020-08-31,259.918,268.756,194.3,8.4,140821.0,3500.31005859375,26.40999984741211,42.61000061035156,0.6930000185966492,0.0949999988079071,92.13999938964844,0.5980000197887421,,-0.502,1.3096453823307153,1.7363884483039271,1
2020-09-30,260.28,269.054,195.5,7.8,141770.0,3363.0,26.3700008392334,40.220001220703125,0.6769999861717224,0.0850000008940696,93.88999938964844,0.5919999852776527,,-0.5,1.3713248610564666,1.7132790467333514,1
2020-10-31,260.388,269.328,196.5,6.9,142460.0,3269.9599609375,38.02000045776367,35.790000915527344,0.8600000143051147,0.0829999968409538,94.04000091552734,0.7770000174641609,,-0.495,1.1820661677274913,1.6105848131925171,1
2020-11-30,260.229,269.473,198.3,6.7,142733.0,3621.6298828125,20.56999969482422,45.34000015258789,0.843999981880188,0.0750000029802322,91.87000274658205,0.7689999788999557,,-0.545,1.1745357842679605,1.646498785400663,1
2020-12-31,260.474,269.226,200.5,6.7,142548.0,3756.070068359375,22.75,48.52000045776367,0.9169999957084656,0.0649999976158142,89.94000244140625,0.8519999980926514,,-0.593,1.3620054947193203,1.6196425538339554,1
2021-01-31,261.582,269.755,204.8,6.4,142863.0,3714.239990234375,33.09000015258789,52.20000076293945,1.093000054359436,0.0480000004172325,90.58000183105467,1.0450000539422035,,-0.616,1.3997697415600865,1.4101291709899044,1
2021-02-28,263.014,270.696,210.6,6.2,143380.0,3811.14990234375,27.950000762939453,61.5,1.4600000381469729,0.0350000001490116,90.93000030517578,1.425000037997961,,-0.624,1.6762152173745104,1.2826077195923435,1
2021-03-31,264.877,271.713,215.0,6.1,144232.0,3972.889892578125,19.399999618530277,59.15999984741211,1.746000051498413,0.0130000002682209,93.2300033569336,1.7330000512301922,,-0.639,2.619762508959189,1.646390734422698,1
2021-04-30,267.054,273.968,217.9,6.1,144587.0,4181.169921875,18.61000061035156,63.58000183105469,1.63100004196167,0.003000000026077,91.27999877929688,1.628000041935593,,-0.669,4.15969483870211,2.961039351495187,1
2021-05-31,269.195,275.893,224.9,5.8,145065.0,4204.10986328125,16.760000228881836,66.31999969482422,1.5809999704360962,0.0080000003799796,90.02999877929688,1.5729999700561166,,-0.69,4.992706537594471,3.797606462025804,1
2021-06-30,271.696,278.218,228.9,5.9,145820.0,4297.5,15.829999923706056,73.47000122070312,1.4429999589920044,0.0399999991059303,92.44000244140624,1.402999959886074,,-0.691,5.391451413321335,4.474619041539296,1
2021-07-31,273.003,279.146,231.85,5.4,146762.0,4395.259765625,18.239999771118164,73.94999694824219,1.2389999628067017,0.0399999991059303,92.16999816894533,1.198999963700771,,-0.668,5.365475239385398,4.2745131731807495,1
2021-08-31,273.567,279.507,233.415,5.1,147314.0,4522.68017578125,16.479999542236328,68.5,1.3040000200271606,0.0399999991059303,92.62999725341795,1.2640000209212303,,-0.648,5.251271554874992,4.000282784384357,1
2021-09-30,274.31,279.884,235.678,4.7,147771.0,4307.5400390625,23.13999938964844,75.02999877929688,1.5290000438690186,0.0280000008642673,94.25,1.5010000430047512,,-0.651,5.390348855079163,4.025214269254507,1
2021-10-31,276.589,281.617,240.465,4.5,148572.0,4605.3798828125,16.260000228881836,83.56999969482422,1.5570000410079956,0.0480000004172325,94.12000274658205,1.509000040590763,,-0.642,6.221868903328898,4.562837877977799,1
2021-11-30,277.948,282.754,243.287,4.1,149230.0,4567.0,27.190000534057617,66.18000030517578,1.4429999589920044,0.0480000004172325,95.98999786376952,1.394999958574772,,-0.577,6.809002839806477,4.928508607541393,1
2021-12-31,278.802,283.908,241.338,3.9,149816.0,4766.18017578125,17.219999313354492,75.20999908447266,1.5119999647140503,0.032999999821186,95.66999816894533,1.4789999648928642,,-0.545,7.036402865545144,5.453410888992893,1
2022-01-31,281.148,285.996,246.453,4.0,150006.0,4515.5498046875,24.82999992370605,88.1500015258789,1.781999945640564,0.1729999929666519,96.54000091552734,1.608999952673912,,-0.556,7.479872468289117,6.020648366109982,1
2022-02-28,283.716,288.059,252.66,3.9,150825.0,4373.93994140625,30.149999618530277,95.72000122070312,1.83899998664856,0.2879999876022339,96.70999908447266,1.5509999990463257,,-0.482,7.871063897739283,6.414206342169804,1
2022-03-31,287.504,289.305,260.014,3.7,151315.0,4530.41015625,20.559999465942383,100.27999877929688,2.32699990272522,0.4930000007152557,98.30999755859376,1.833999902009964,,-0.389,8.542455554842432,6.47447858586081,1
2022-04-30,289.109,290.846,265.31,3.7,151623.0,4131.93017578125,33.400001525878906,104.69000244140624,2.88700008392334,0.8080000281333923,102.95999908447266,2.0790000557899475,,-0.357,8.258629340882372,6.160573497634747,1
2022-05-31,292.296,292.506,273.251,3.6,151924.0,4132.14990234375,26.190000534057617,114.66999816894533,2.844000101089477,1.0299999713897705,101.75,1.814000129699707,,-0.29,8.581511543676523,6.021537335126292,1
2022-06-30,296.311,294.68,280.251,3.6,152358.0,3785.3798828125,28.709999084472656,105.76000213623048,2.9719998836517334,1.600000023841858,104.69000244140624,1.3719998598098757,,-0.202,9.059757964784154,5.91694282900459,1
2022-07-31,296.276,295.646,272.274,3.5,153072.0,4130.2900390625,21.32999992370605,98.62000274658205,2.6419999599456787,2.2980000972747803,105.9000015258789,0.3439998626708984,,-0.188,8.52481474562552,5.91088534315376,1
2022-08-31,296.171,297.178,269.546,3.6,153362.0,3955.0,25.8700008392334,89.55000305175781,3.132999897003174,2.859999895095825,108.6999969482422,0.2730000019073486,,-0.235,8.262692503116241,6.322203021748996,1
2022-09-30,296.808,298.442,267.898,3.5,153582.0,3585.6201171875,31.6200008392334,79.48999786376953,3.803999900817871,3.180000066757202,112.12000274658205,0.623999834060669,,-0.154,8.20166964383362,6.630604107415916,1
2022-10-31,298.012,299.315,265.061,3.6,153939.0,3871.97998046875,25.8799991607666,86.52999877929688,4.077000141143799,3.974999904632568,111.52999877929688,0.1020002365112304,,-0.111,7.7454273308049215,6.284421750107416,1
2022-11-30,297.711,299.6,263.157,3.6,154242.0,4080.110107421875,20.57999992370605,80.55000305175781,3.703000068664551,4.252999782562256,105.9499969482422,-0.5499997138977051,,-0.166,7.110322794191726,5.957829066962805,1
2022-12-31,296.797,300.113,257.897,3.5,154342.0,3839.5,21.670000076293945,80.26000213623047,3.878999948501587,4.260000228881836,103.5199966430664,-0.381000280380249,,-0.201,6.45440133141082,5.70783493244289,1
2023-01-31,299.17,301.962,260.227,3.5,154776.0,4076.60009765625,19.399999618530277,78.87000274658203,3.5290000438690186,4.570000171661377,102.0999984741211,-1.0410001277923584,,-0.28,6.410146968856267,5.582595560777071,1
2023-02-28,300.84,304.011,258.669,3.6,155066.0,3970.14990234375,20.700000762939453,77.05000305175781,3.9159998893737793,4.710000038146973,104.87000274658205,-0.7940001487731934,,-0.3,6.035613077866597,5.537754418365681,1
2023-03-31,301.836,305.476,257.062,3.5,155134.0,4109.31005859375,18.700000762939453,75.66999816894531,3.49399995803833,4.585000038146973,102.51000213623048,-1.0910000801086426,,-0.189,4.984974122099173,5.5896026684640665,1
2023-04-30,303.363,306.899,256.908,3.4,155375.0,4169.47998046875,15.779999732971191,76.77999877929688,3.45199990272522,4.922999858856201,101.66999816894533,-1.4709999561309814,,-0.176,4.930320398188925,5.519415773295822,1
2023-05-31,304.127,308.096,253.67,3.6,155655.0,4179.830078125,17.940000534057617,68.08999633789062,3.63700008392334,5.248000144958496,104.31999969482422,-1.6110000610351562,4.69,-0.21,4.047609272791974,5.329805200577087,1
2023-06-30,305.109,308.91,253.86,3.6,155880.0,4450.3798828125,13.59000015258789,70.63999938964844,3.819000005722046,5.152999877929688,102.91000366210938,-1.3339998722076416,4.29,-0.221,2.969177654558885,4.828967015067187,1
2023-07-31,305.691,309.402,253.835,3.5,156043.0,4588.9599609375,13.630000114440918,81.80000305175781,3.9590001106262207,5.248000144958496,101.86000061035156,-1.2890000343322754,3.94,-0.259,3.177780177942169,4.652861868586067,1
2023-08-31,307.026,310.103,257.68,3.7,156261.0,4507.66015625,13.56999969482422,83.62999725341797,4.0929999351501465,5.297999858856201,103.62000274658205,-1.204999923706055,3.9,-0.32,3.665112384399549,4.349245233496424,1
2023-09-30,307.789,310.817,258.934,3.7,156417.0,4288.0498046875,17.520000457763672,90.79000091552734,4.572999954223633,5.300000190734863,106.16999816894533,-0.7270002365112305,3.89,-0.333,3.69969812134443,4.146534334979668,1
2023-10-31,307.671,311.38,255.192,3.9,156576.0,4193.7998046875,18.13999938964844,81.0199966430664,4.875,5.320000171661377,106.66000366210938,-0.4450001716613769,4.36,-0.294,3.241144651893202,4.030870487613392,1
2023-11-30,307.051,311.606,252.856,3.7,156703.0,4567.7998046875,12.920000076293944,75.95999908447266,4.352000236511231,5.23799991607666,103.5,-0.8859996795654297,3.99,-0.308,3.1372707088417773,4.007343124165552,1
2023-12-31,306.746,311.907,249.866,3.8,156857.0,4769.830078125,12.449999809265137,71.6500015258789,3.865999937057495,5.179999828338623,101.33000183105467,-1.313999891281128,3.57,-0.351,3.3521228314302265,3.929853088669932,1
2024-01-31,308.417,313.623,251.306,3.7,157032.0,4845.64990234375,14.350000381469728,75.8499984741211,3.9670000076293945,5.188000202178955,103.2699966430664,-1.2210001945495603,3.55,-0.389,3.0908847812280538,3.861744192977934,1
2024-02-29,310.326,315.419,254.926,3.9,157238.0,5096.27001953125,13.399999618530272,78.26000213623047,4.251999855041504,5.2230000495910645,104.16000366210938,-0.9710001945495604,3.36,-0.416,3.1531711208615976,3.752495797849398,1
2024-03-31,312.332,317.088,255.095,3.9,157466.0,5254.35009765625,13.010000228881836,83.16999816894531,4.205999851226807,5.203000068664551,104.5500030517578,-0.997000217437744,3.18,-0.437,3.4773850700380304,3.801280624337111,1
2024-04-30,313.548,317.978,256.978,3.9,157530.0,5035.68994140625,15.649999618530272,81.93000030517578,4.685999870300293,5.244999885559082,106.22000122070312,-0.5590000152587891,3.23,-0.424,3.357363950119163,3.6099824372187728,1
2024-05-31,314.069,318.629,255.313,3.9,157608.0,5277.509765625,12.920000076293944,76.98999786376953,4.513999938964844,5.244999885559082,104.66999816894533,-0.7309999465942383,3.12,-0.418,3.2690290569400204,3.418739613626931,1
2024-06-30,314.175,319.003,255.914,4.1,157695.0,5460.47998046875,12.4399995803833,81.54000091552734,4.3429999351501465,5.2129998207092285,105.87000274658205,-0.869999885559082,3.2,-0.398,2.971397107263307,3.267294681298738,1
2024-07-31,314.54,319.214,257.321,4.2,157748.0,5522.2998046875,16.360000610351562,77.91000366210938,4.109000205993652,5.135000228881836,104.0999984741211,-1.0260000228881836,3.16,-0.375,2.894753198491306,3.171278789406662,1
2024-08-31,314.796,320.017,255.463,4.2,157757.0,5648.39990234375,15.0,73.55000305175781,3.91100001335144,4.9679999351501465,101.6999969482422,-1.056999921798706,3.37,-0.379,2.5307302964569622,3.197002286337125,1
2024-09-30,315.301,321.109,252.682,4.1,157912.0,5762.47998046875,16.729999542236328,68.16999816894531,3.802000045776367,4.498000144958496,100.77999877929688,-0.6960000991821289,3.26,-0.422,2.440633031069983,3.3112731929077155,1
2024-10-31,315.664,321.758,253.081,4.1,157945.0,5705.4501953125,23.15999984741211,69.26000213623047,4.283999919891357,4.432000160217285,103.9800033569336,-0.1480002403259277,2.93,-0.443,2.597904904914672,3.332905131993069,1
2024-11-30,315.493,321.947,253.211,4.2,158079.0,6032.3798828125,13.510000228881836,68.0,4.177999973297119,4.373000144958496,105.73999786376952,-0.1950001716613769,2.7,-0.469,2.7493803960905616,3.318613890618294,1
2024-12-31,315.605,322.007,253.423,4.1,158316.0,5881.6298828125,17.350000381469727,71.72000122070312,4.572999954223633,4.208000183105469,108.48999786376952,0.364999771118164,2.76,-0.484,2.888057219980067,3.2381447033891675,1
2025-01-31,317.671,323.842,257.36,4.0,158268.0,6040.52978515625,16.43000030517578,72.52999877929688,4.568999767303467,4.188000202178955,108.37000274658205,0.3809995651245117,2.72,-0.503,3.0004831121501097,3.258370718984249,1
2025-02-28,319.082,325.252,259.498,4.2,158310.0,5954.5,19.6299991607666,69.76000213623047,4.230999946594238,4.192999839782715,107.61000061035156,0.0380001068115234,2.71,-0.5,2.82154895174751,3.117440610743172,1
2025-03-31,319.799,325.933,258.525,4.2,158377.0,5611.85009765625,22.280000686645508,71.4800033569336,4.245999813079834,4.192999839782715,104.20999908447266,0.0529999732971191,3.17,-0.441,2.3907252538964974,2.7894464628115845,1
2025-04-30,320.795,326.815,258.392,4.2,158485.0,5569.06005859375,24.700000762939453,58.209999084472656,4.177000045776367,4.190000057220459,99.47000122070312,-0.0130000114440917,4.03,-0.394,2.3112888616734883,2.779123083986934,1
2025-05-31,321.465,327.509,258.678,4.3,158498.0,5911.68994140625,18.56999969482422,60.790000915527344,4.415999889373779,4.23199987411499,99.33000183105467,0.184000015258789,3.35,-0.441,2.354896535474671,2.7869402973363933,1
2025-06-30,322.561,328.364,260.491,4.1,158478.0,6204.9501953125,16.729999542236328,65.11000061035156,4.230000019073486,4.190000057220459,96.87999725341795,0.0399999618530273,3.13,-0.49,2.669213018222316,2.9344551618636805,1
2025-07-31,323.048,328.98,262.358,4.3,158542.0,6339.39013671875,16.719999313354492,69.26000213623047,4.360000133514404,4.235000133514404,100.02999877929688,0.125,2.89,-0.515,2.7049023971513986,3.059389625768305,1
2025-08-31,323.976,329.97,262.11,4.3,158472.0,6460.259765625,15.359999656677246,64.01000213623047,4.227000236511231,4.043000221252441,97.7699966430664,0.184000015258789,2.9,-0.528,2.9161742842984006,3.1101472734261115,1
2025-09-30,324.8,330.804,262.054,4.4,158548.0,6688.4599609375,16.280000686645508,62.369998931884766,4.1479997634887695,3.8450000286102295,97.7699966430664,0.30299973487854,2.79,-0.53,3.0126767755256134,3.019224001818688,1
2025-10-31,324.8,330.804,260.591,4.4,158408.0,6840.2001953125,17.440000534057617,60.97999954223633,4.10099983215332,3.7179999351501465,99.8000030517578,0.3829998970031738,2.92,-0.522,2.894216635409808,2.8114297080414463,0
2025-11-30,324.122,330.425,261.914,4.5,158449.0,6849.08984375,16.350000381469727,58.54999923706055,4.017000198364258,3.697000026702881,99.45999908447266,0.3200001716613769,3.08,-0.51,2.735084455122627,2.633352694698199,1
2025-12-31,324.054,330.506,261.349,4.4,158432.0,6845.5,14.949999809265137,57.41999816894531,4.163000106811523,3.546999931335449,98.27999877929688,0.6160001754760742,2.89,-0.524,2.6770805278750087,2.6393836158841166,1
2026-01-31,325.252,331.95,263.485,4.3,158592.0,6939.02978515625,17.440000534057617,65.20999908447266,4.241000175476074,3.572000026702881,96.98999786376952,0.6690001487731934,2.74,-0.559,2.386431244904319,2.503690071084041,1
2026-02-28,326.785,333.242,269.296,4.4,158459.0,6878.8798828125,19.86000061035156,67.0199966430664,3.961999893188477,3.578000068664551,97.61000061035156,0.3839998245239258,2.92,-0.531,2.4141129866304123,2.45655676214136,1
2026-03-31,330.213,334.391,274.102,4.3,158637.0,6528.52001953125,25.25,101.37999725341795,4.310999870300293,3.5999999046325684,99.95999908447266,0.7109999656677246,3.19,-0.47,3.2564204390883145,2.5950118582653614,1
2026-04-30,330.213,334.391,274.102,4.3,158637.0,7126.06005859375,17.479999542236328,89.61000061035156,4.245999813079834,3.5999999046325684,98.0500030517578,0.6459999084472656,3.19,-0.47,3.2564204390883145,2.5950118582653614,0
